timestamp,date_GMT,status,attendance,home_team_name,away_team_name,home_ppg,away_ppg,home_team_goal_count,away_team_goal_count,total_goal_count,total_goals_at_half_time,home_team_goal_count_half_time,away_team_goal_count_half_time,home_team_goal_timings,away_team_goal_timings,home_team_corner_count,away_team_corner_count,home_team_yellow_cards,home_team_red_cards,away_team_yellow_cards,away_team_red_cards,home_team_shots,away_team_shots,home_team_shots_on_target,away_team_shots_on_target,home_team_shots_off_target,away_team_shots_off_target,home_team_fouls,away_team_fouls,home_team_possession,away_team_possession,average_goals_per_match_pre_match,btts_percentage_pre_match,over_15_percentage_pre_match,over_25_percentage_pre_match,over_35_percentage_pre_match,over_45_percentage_pre_match,over_15_HT_FHG_percentage_pre_match,over_05_HT_FHG_percentage_pre_match,average_corners_per_match_pre_match,average_cards_per_match_pre_match,odds_ft_home_team_win,odds_ft_draw,odds_ft_away_team_win,odds_ft_over15,odds_ft_over25,odds_ft_over35,odds_ft_over45,odds_btts_yes,odds_btts_no,stadium_name
1502477100,Aug 11 2017 - 6:45pm,complete,59387,Arsenal,Leicester City,2.47,1.05,4,3,7,4,2,2,"2,45'2,83,85","5,29,56",9,4,0,0,1,0,17,4,7,2,10,2,9,12,67,33,3.76,61,92,74,48,40,55,79,11.74,3.31,1.38,5.19,8.92,0,0,0,0,0,0,Emirates Stadium (London)
1502537400,Aug 12 2017 - 11:30am,complete,20407,Watford,Liverpool,1.42,1.68,3,3,6,3,2,1,"8,32,90'3","29,55,57",3,3,0,0,3,0,5,10,3,3,2,7,12,8,50,50,3.29,61,79,69,42,32,53,82,10.10,3.84,5.75,4.15,1.63,0,0,0,0,0,0,Vicarage Road Stadium (Watford)
1502546400,Aug 12 2017 - 2:00pm,complete,41616,Chelsea,Burnley,1.95,1.47,2,3,5,3,0,3,"69,88","24,39,43",8,5,4,2,3,0,18,6,11,3,7,3,16,11,61,39,2.32,42,63,42,21,14,29,58,11.63,3.37,1.21,7.04,9.99,0,0,0,0,0,0,Stamford Bridge (London)
1502546400,Aug 12 2017 - 2:00pm,complete,25448,Crystal Palace,Huddersfield Town,1.37,0.74,0,3,3,2,0,2,"","23,26,78",12,9,1,0,3,0,11,7,4,5,7,2,7,19,53,47,2.66,42,82,50,27,16,29,61,8.85,4.05,1.82,3.61,4.91,0,0,0,0,0,0,Selhurst Park (London)
1502546400,Aug 12 2017 - 2:00pm,complete,39045,Everton,Stoke City,1.79,0.68,1,0,1,1,1,0,"45'1","",6,7,1,0,1,0,7,7,4,3,3,4,13,10,54,46,2.71,53,74,50,27,14,29,55,7.21,3.26,1.74,3.96,4.94,0,0,0,0,0,0,Goodison Park (Liverpool)
1502546400,Aug 12 2017 - 2:00pm,complete,31447,Southampton,Swansea City,1.00,0.63,0,0,0,0,0,0,"","",13,0,2,0,1,0,22,3,8,0,14,3,10,13,62,38,2.34,50,68,37,24,19,29,69,9.47,3.06,1.75,3.82,5.06,0,0,0,0,0,0,St. Mary's Stadium (Southampton- Hampshire)
1502546400,Aug 12 2017 - 2:00pm,complete,25011,West Bromwich Albion,AFC Bournemouth,0.95,0.95,1,0,1,1,1,0,"31","",8,2,3,0,1,0,14,6,5,3,9,3,15,3,35,65,2.63,58,74,58,32,11,35,63,10.74,3.10,2.3,3.37,3.35,0,0,0,0,0,0,The Hawthorns (West Bromwich)
1502555400,Aug 12 2017 - 4:30pm,complete,30415,Brighton & Hove Albion,Manchester City,1.53,2.63,0,2,2,0,0,0,"","70,75",3,10,0,0,2,0,5,9,3,4,2,5,6,8,30,70,2.82,53,77,50,37,16,45,66,12.42,3.89,8.09,4.98,1.42,0,0,0,0,0,0,The American Express Community Stadium (Falmer- East Sussex)
1502627400,Aug 13 2017 - 12:30pm,complete,52077,Newcastle United,Tottenham Hotspur,1.47,1.79,0,2,2,0,0,0,"","61,70",5,7,1,1,2,0,5,9,3,8,2,1,7,9,34,66,2.42,43,71,45,19,11,37,63,9.79,3.16,4.79,3.84,1.78,0,0,0,0,0,0,St. James' Park (Newcastle upon Tyne)
1502636400,Aug 13 2017 - 3:00pm,complete,74928,Manchester United,West Ham United,2.47,0.79,4,0,4,1,1,0,"33,52,87,90","",11,1,2,0,2,0,11,5,5,2,6,3,19,7,56,44,2.97,48,82,61,40,19,40,76,9.74,3.74,1.28,5.76,9.99,0,0,0,0,0,0,Old Trafford (Manchester)
1503142200,Aug 19 2017 - 11:30am,complete,20862,Swansea City,Manchester United,1.11,1.79,0,4,4,1,0,1,"","45,80,82,84",3,5,1,0,1,0,8,9,3,4,5,5,12,11,40,60,2.37,40,61,42,29,11,32,66,10.32,3.21,9.99,5.1,1.38,0,0,0,0,0,0,Liberty Stadium (Swansea)
1503151200,Aug 19 2017 - 2:00pm,complete,10501,AFC Bournemouth,Watford,1.37,0.74,0,2,2,0,0,0,"","73,86",8,5,1,0,3,0,8,14,4,6,4,8,7,11,54,46,2.79,48,79,58,29,14,29,69,10.63,3.11,1.98,3.66,4.13,0,0,0,0,0,0,Vitality Stadium (Bournemouth- Dorset)
1503151200,Aug 19 2017 - 2:00pm,complete,19619,Burnley,West Bromwich Albion,1.37,0.68,0,1,1,0,0,0,"","71",5,5,1,0,0,1,14,7,2,3,12,4,11,11,62,38,1.85,40,56,32,6,0,8,53,8.90,3.53,2.48,3.16,3.33,0,0,0,0,0,0,Turf Moor (Burnley)
1503151200,Aug 19 2017 - 2:00pm,complete,31902,Leicester City,Brighton & Hove Albion,1.42,0.58,2,0,2,1,1,0,"1,54","",6,2,1,0,0,0,8,3,3,3,5,0,8,10,52,48,2.26,40,82,34,16,5,26,74,9.73,2.37,1.83,3.71,4.87,0,0,0,0,0,0,King Power Stadium (Leicester- Leicestershire)
1503151200,Aug 19 2017 - 2:00pm,complete,53138,Liverpool,Crystal Palace,2.26,0.95,1,0,1,0,0,0,"73","",4,2,1,0,3,0,18,4,13,2,5,2,12,12,66,34,2.61,40,71,53,32,16,29,61,12.58,2.69,1.41,5.17,8.55,0,0,0,0,0,0,Anfield (Liverpool)
1503151200,Aug 19 2017 - 2:00pm,complete,31424,Southampton,West Ham United,1.00,0.79,3,2,5,3,2,1,"11,38,90'3","44,73",7,2,1,0,1,1,11,9,5,4,6,5,19,8,64,36,2.95,61,82,53,40,27,35,79,10.16,3.74,1.7,3.93,5.6,0,0,0,0,0,0,St. Mary's Stadium (Southampton- Hampshire)
1503160200,Aug 19 2017 - 4:30pm,complete,29459,Stoke City,Arsenal,1.05,0.84,1,0,1,0,0,0,"47","",2,9,0,0,0,0,6,15,3,9,3,6,6,11,37,63,2.66,61,76,61,27,6,29,66,9.10,3.47,4.94,3.99,1.76,0,0,0,0,0,0,Bet365 Stadium (Stoke-on-Trent- Staffordshire)
1503232200,Aug 20 2017 - 12:30pm,complete,24128,Huddersfield Town,Newcastle United,1.21,0.84,1,0,1,0,0,0,"50","",7,3,3,0,4,0,5,10,3,7,2,3,14,11,51,49,2.35,45,61,42,29,11,32,66,9.79,3.11,2.41,3.3,3.31,0,0,0,0,0,0,The John Smith's Stadium (Huddersfield- West Yorkshire)
1503241200,Aug 20 2017 - 3:00pm,complete,73587,Tottenham Hotspur,Chelsea,2.26,1.74,1,2,3,1,0,1,"82","24,88",14,3,4,0,3,0,14,5,7,2,7,3,14,20,61,39,2.90,50,74,53,35,16,29,69,11.85,2.37,2.04,3.62,3.94,0,0,0,0,0,0,Wembley Stadium (London)
1503342000,Aug 21 2017 - 7:00pm,complete,54009,Manchester City,Everton,2.63,0.79,1,1,2,1,0,1,"82","35",7,1,2,1,3,1,18,6,8,2,10,4,7,7,60,40,3.35,58,87,66,48,24,32,82,10.89,2.89,1.33,5.66,9.99,0,0,0,0,0,0,Etihad Stadium (Manchester)
1503747000,Aug 26 2017 - 11:30am,complete,10419,AFC Bournemouth,Manchester City,1.37,2.63,1,2,3,2,1,1,"13","21,90'7",2,5,5,0,5,1,5,13,5,7,0,6,13,15,32,68,3.00,55,82,63,35,16,43,71,13.73,3.58,9.99,6.08,1.28,0,0,0,0,0,0,Vitality Stadium (Bournemouth- Dorset)
1503756000,Aug 26 2017 - 2:00pm,complete,23477,Crystal Palace,Swansea City,1.37,0.63,0,2,2,1,0,1,"","44,48",1,1,4,0,1,0,18,3,5,2,13,1,9,9,46,54,2.61,50,74,50,29,19,32,71,8.42,3.58,1.94,3.55,4.48,0,0,0,0,0,0,Selhurst Park (London)
1503756000,Aug 26 2017 - 2:00pm,complete,23548,Huddersfield Town,Southampton,1.21,0.89,0,0,0,0,0,0,"","",5,4,0,0,1,0,12,7,8,4,4,3,10,10,54,46,2.32,45,66,42,21,14,37,66,10.74,3.58,3.79,3.38,2.17,0,0,0,0,0,0,The John Smith's Stadium (Huddersfield- West Yorkshire)
1503756000,Aug 26 2017 - 2:00pm,complete,52093,Newcastle United,West Ham United,1.47,0.79,3,0,3,1,1,0,"36,72,86","",7,5,1,0,3,0,12,8,6,4,6,4,17,10,38,62,2.74,48,77,53,29,19,32,71,7.95,3.63,2.34,3.49,3.26,0,0,0,0,0,0,St. James' Park (Newcastle upon Tyne)
1503756000,Aug 26 2017 - 2:00pm,complete,20181,Watford,Brighton & Hove Albion,1.42,0.58,0,0,0,0,0,0,"","",3,11,0,1,1,0,8,11,2,4,6,7,5,19,41,59,2.55,45,74,45,27,16,37,69,8.89,3.37,2.01,3.5,4.2,0,0,0,0,0,0,Vicarage Road Stadium (Watford)
1503765000,Aug 26 2017 - 4:30pm,complete,75021,Manchester United,Leicester City,2.47,1.05,2,0,2,0,0,0,"70,82","",9,3,1,0,2,0,13,11,6,5,7,6,9,6,66,34,3.05,53,79,61,34,21,53,71,10.95,3.42,1.29,5.95,9.99,0,0,0,0,0,0,Old Trafford (Manchester)
1503837000,Aug 27 2017 - 12:30pm,complete,41382,Chelsea,Everton,1.95,0.79,2,0,2,2,2,0,"27,40","",6,3,2,0,2,0,15,7,9,2,6,5,11,7,60,40,2.58,48,74,45,29,14,32,69,11.42,2.79,1.46,4.75,7.98,0,0,0,0,0,0,Stamford Bridge (London)
1503837000,Aug 27 2017 - 12:30pm,complete,22704,West Bromwich Albion,Stoke City,0.95,0.68,1,1,2,0,0,0,"61","77",10,4,2,0,2,0,5,10,3,3,2,7,10,9,48,52,2.71,61,74,53,29,16,29,61,8.27,3.52,2.52,3.15,3.28,0,0,0,0,0,0,The Hawthorns (West Bromwich)
1503846000,Aug 27 2017 - 3:00pm,complete,53206,Liverpool,Arsenal,2.26,0.84,4,0,4,2,2,0,"17,40,57,77","",4,3,2,0,4,0,12,7,8,0,4,7,6,9,53,47,2.79,50,74,58,35,16,29,66,11.94,2.74,2.18,3.69,3.46,0,0,0,0,0,0,Anfield (Liverpool)
1503846000,Aug 27 2017 - 3:00pm,complete,67862,Tottenham Hotspur,Burnley,2.26,1.47,1,1,2,0,0,0,"49","90'2",10,7,0,0,0,0,17,14,11,7,6,7,9,9,68,32,2.58,47,69,40,24,16,24,61,11.37,3.11,1.27,6.14,9.99,0,0,0,0,0,0,Wembley Stadium (London)
1504956600,Sep 9 2017 - 11:30am,complete,54172,Manchester City,Liverpool,2.63,1.68,5,0,5,2,2,0,"24,45'6,53,77,90'1","",8,3,2,0,2,1,9,6,6,5,3,1,9,9,60,40,3.74,58,87,79,55,37,48,87,12.31,2.94,1.96,3.86,3.99,0,0,0,0,0,0,Etihad Stadium (Manchester)
1504965600,Sep 9 2017 - 2:00pm,complete,59262,Arsenal,AFC Bournemouth,2.47,0.95,3,0,3,2,2,0,"6,27,50","",10,3,0,0,1,0,12,6,6,3,6,3,12,9,58,42,3.26,50,85,71,40,24,42,76,12.37,2.68,1.37,5.56,9.03,0,0,0,0,0,0,Emirates Stadium (London)
1504965600,Sep 9 2017 - 2:00pm,complete,30381,Brighton & Hove Albion,West Bromwich Albion,1.53,0.68,3,1,4,1,1,0,"45,48,63","77",2,6,2,0,0,0,6,6,3,3,3,3,9,4,43,57,2.27,48,66,37,24,6,21,53,8.69,4.16,2.65,3.09,3.13,0,0,0,0,0,0,The American Express Community Stadium (Falmer- East Sussex)
1504965600,Sep 9 2017 - 2:00pm,complete,38835,Everton,Tottenham Hotspur,1.79,1.79,0,3,3,2,0,2,"","28,42,46",7,3,3,0,1,0,8,11,4,4,4,7,15,13,51,49,2.74,50,79,50,32,14,40,58,9.68,3.32,3.71,3.48,2.16,0,0,0,0,0,0,Goodison Park (Liverpool)
1504965600,Sep 9 2017 - 2:00pm,complete,31923,Leicester City,Chelsea,1.42,1.74,1,2,3,1,0,1,"62","41,50",2,9,1,0,0,0,4,10,2,5,2,5,11,8,46,54,2.66,53,82,55,27,8,29,79,10.21,2.63,4.71,3.79,1.84,0,0,0,0,0,0,King Power Stadium (Leicester- Leicestershire)
1504965600,Sep 9 2017 - 2:00pm,complete,31435,Southampton,Watford,1.00,0.74,0,2,2,1,0,1,"","38,66",7,4,0,0,0,0,4,7,3,3,1,4,8,11,51,49,2.53,45,71,42,26,19,29,74,11.16,2.90,1.65,3.94,6.18,0,0,0,0,0,0,St. Mary's Stadium (Southampton- Hampshire)
1504974600,Sep 9 2017 - 4:30pm,complete,29320,Stoke City,Manchester United,1.05,1.79,2,2,4,2,1,1,"43,63","45'1,57",5,11,0,0,0,0,8,14,3,6,5,8,8,10,38,62,2.61,50,74,55,29,8,37,66,9.53,3.63,7.8,4.4,1.51,0,0,0,0,0,0,Bet365 Stadium (Stoke-on-Trent- Staffordshire)
1505046600,Sep 10 2017 - 12:30pm,complete,18862,Burnley,Crystal Palace,1.37,0.95,1,0,1,1,1,0,"3","",3,13,1,0,1,0,4,16,2,6,2,10,7,13,38,62,2.03,42,58,40,13,6,19,53,10.48,3.16,2.45,3.2,3.33,0,0,0,0,0,0,Turf Moor (Burnley)
1505055600,Sep 10 2017 - 3:00pm,complete,20872,Swansea City,Newcastle United,1.11,0.84,0,1,1,0,0,0,"","76",7,5,2,0,3,0,14,13,8,10,6,3,11,15,59,41,2.35,45,58,42,29,8,24,66,9.42,2.79,2.35,3.34,3.39,0,0,0,0,0,0,Liberty Stadium (Swansea)
1505156400,Sep 11 2017 - 7:00pm,complete,56977,West Ham United,Huddersfield Town,1.42,0.74,2,0,2,0,0,0,"72,77","",10,3,1,0,2,0,14,5,4,3,10,2,11,13,44,56,2.50,40,82,42,21,16,32,53,8.21,3.84,1.86,3.63,4.81,0,0,0,0,0,0,London Stadium (London)
1505502000,Sep 15 2017 - 7:00pm,complete,10369,AFC Bournemouth,Brighton & Hove Albion,1.37,0.58,2,1,3,0,0,0,"67,73","55",6,4,0,0,0,0,7,7,2,3,5,4,4,12,64,36,2.50,45,79,47,24,8,29,63,9.89,2.74,2.1,3.42,3.81,0,0,0,0,0,0,Vitality Stadium (Bournemouth- Dorset)
1505561400,Sep 16 2017 - 11:30am,complete,24199,Crystal Palace,Southampton,1.37,0.89,0,1,1,1,0,1,"","6",5,5,5,0,1,0,12,9,4,5,8,4,13,13,45,55,2.71,56,74,55,29,19,37,71,10.90,4.05,3.35,3.37,2.3,0,0,0,0,0,0,Selhurst Park (London)
1505570400,Sep 16 2017 - 2:00pm,complete,24169,Huddersfield Town,Leicester City,1.21,1.05,1,1,2,0,0,0,"46","50",8,4,1,0,1,0,10,3,5,0,5,3,5,6,56,44,2.90,56,76,53,32,24,50,71,10.16,3.47,2.97,3.34,2.54,0,0,0,0,0,0,The John Smith's Stadium (Huddersfield- West Yorkshire)
1505570400,Sep 16 2017 - 2:00pm,complete,53231,Liverpool,Burnley,2.26,1.47,1,1,2,2,1,1,"30","27",12,2,1,0,2,0,25,5,12,4,13,1,7,8,69,31,2.55,42,71,50,27,16,27,63,10.89,2.95,1.22,6.77,9.99,0,0,0,0,0,0,Anfield (Liverpool)
1505570400,Sep 16 2017 - 2:00pm,complete,51795,Newcastle United,Stoke City,1.47,0.68,2,1,3,1,1,0,"19,68","57",7,5,3,0,1,0,9,12,5,6,4,6,12,11,41,59,2.40,45,66,45,13,11,26,61,7.32,3.10,2.43,3.33,3.14,0,0,0,0,0,0,St. James' Park (Newcastle upon Tyne)
1505570400,Sep 16 2017 - 2:00pm,complete,20305,Watford,Manchester City,1.42,2.63,0,6,6,3,0,3,"","27,31,37,63,81,89",3,11,2,0,0,0,6,20,0,9,6,11,7,6,32,68,3.05,55,77,61,37,24,50,77,12.73,4.21,9.99,6.03,1.28,0,0,0,0,0,0,Vicarage Road Stadium (Watford)
1505570400,Sep 16 2017 - 2:00pm,complete,24942,West Bromwich Albion,West Ham United,0.95,0.79,0,0,0,0,0,0,"","",2,3,2,0,2,0,5,7,3,2,2,5,15,7,34,66,3.05,63,85,61,45,24,35,71,8.90,4.05,2.35,3.24,3.38,0,0,0,0,0,0,The Hawthorns (West Bromwich)
1505579400,Sep 16 2017 - 4:30pm,complete,65366,Tottenham Hotspur,Swansea City,2.26,0.63,0,0,0,0,0,0,"","",11,1,1,0,3,0,21,4,9,0,12,4,11,9,70,30,2.61,45,71,37,27,19,26,63,10.42,2.64,1.23,6.63,9.99,0,0,0,0,0,0,Wembley Stadium (London)
1505651400,Sep 17 2017 - 12:30pm,complete,41478,Chelsea,Arsenal,1.95,0.84,0,0,0,0,0,0,"","",5,1,2,1,3,0,12,7,7,3,5,4,11,15,57,43,2.55,50,66,50,29,14,32,61,12.68,3.16,1.84,3.82,4.44,0,0,0,0,0,0,Stamford Bridge (London)
1505660400,Sep 17 2017 - 3:00pm,complete,75042,Manchester United,Everton,2.47,0.79,4,0,4,1,1,0,"4,83,89,90'2","",4,1,1,0,1,0,7,7,3,5,4,2,15,13,50,50,2.61,45,76,50,29,8,34,74,9.79,2.95,1.32,5.43,9.99,0,0,0,0,0,0,Old Trafford (Manchester)
1506166200,Sep 23 2017 - 11:30am,complete,56988,West Ham United,Tottenham Hotspur,1.42,1.79,2,3,5,2,0,2,"65,87","34,38,60",4,3,4,0,3,1,10,7,4,3,6,4,10,19,54,46,2.74,53,82,50,29,19,45,66,10.31,3.58,6.02,4.3,1.58,0,0,0,0,0,0,London Stadium (London)
1506175200,Sep 23 2017 - 2:00pm,complete,20759,Burnley,Huddersfield Town,1.37,0.74,0,0,0,0,0,0,"","",3,4,3,0,2,0,5,6,4,2,1,4,9,12,51,49,2.06,34,69,35,8,6,16,48,8.27,3.42,2.22,3.18,3.77,0,0,0,0,0,0,Turf Moor (Burnley)
1506175200,Sep 23 2017 - 2:00pm,complete,38133,Everton,AFC Bournemouth,1.79,0.95,2,1,3,0,0,0,"77,82","49",4,6,3,0,1,0,6,5,0,4,6,1,12,11,46,54,2.63,50,74,55,29,8,35,58,9.68,2.84,1.6,4.13,6.08,0,0,0,0,0,0,Goodison Park (Liverpool)
1506175200,Sep 23 2017 - 2:00pm,complete,53526,Manchester City,Crystal Palace,2.63,0.95,5,0,5,1,1,0,"44,51,59,79,89","",8,2,3,0,1,0,15,4,6,2,9,2,6,6,63,37,3.14,50,76,66,45,24,32,69,12.79,3.21,1.18,7.85,9.99,0,0,0,0,0,0,Etihad Stadium (Manchester)
1506175200,Sep 23 2017 - 2:00pm,complete,31930,Southampton,Manchester United,1.00,1.79,0,1,1,1,0,1,"","20",8,4,1,0,4,0,9,6,4,4,5,2,11,10,61,39,2.50,50,66,42,32,19,37,69,11.90,3.48,4.93,3.81,1.77,0,0,0,0,0,0,St. Mary's Stadium (Southampton- Hampshire)
1506175200,Sep 23 2017 - 2:00pm,complete,29661,Stoke City,Chelsea,1.05,1.74,0,4,4,2,0,2,"","2,30,77,82",5,0,2,0,2,0,9,4,3,2,6,2,5,13,53,47,2.74,56,79,66,29,6,32,71,8.53,2.94,5.46,3.89,1.69,0,0,0,0,0,0,Bet365 Stadium (Stoke-on-Trent- Staffordshire)
1506175200,Sep 23 2017 - 2:00pm,complete,20372,Swansea City,Watford,1.11,0.74,1,2,3,1,0,1,"56","13,90",5,4,1,0,3,0,7,7,3,3,4,4,8,17,48,52,2.40,35,66,42,24,11,24,71,9.58,2.63,2.3,3.33,3.38,0,0,0,0,0,0,Liberty Stadium (Swansea)
1506184200,Sep 23 2017 - 4:30pm,complete,32004,Leicester City,Liverpool,1.42,1.68,2,3,5,3,1,2,"45'3,69","15,23,68",3,6,3,0,3,0,7,11,4,4,3,7,12,13,48,52,3.00,56,87,58,32,21,42,87,10.94,2.84,4.16,3.8,1.9,0,0,0,0,0,0,King Power Stadium (Leicester- Leicestershire)
1506265200,Sep 24 2017 - 3:00pm,complete,30468,Brighton & Hove Albion,Newcastle United,1.53,0.84,1,0,1,0,0,0,"51","",2,8,2,0,1,0,5,12,4,6,1,6,6,8,51,49,2.56,56,66,45,37,11,32,58,9.16,3.58,2.6,3.16,3.04,0,0,0,0,0,0,The American Express Community Stadium (Falmer- East Sussex)
1506366000,Sep 25 2017 - 7:00pm,complete,59134,Arsenal,West Bromwich Albion,2.47,0.68,2,0,2,1,1,0,"20,67","",7,4,1,0,4,0,13,7,4,3,9,4,7,16,57,43,2.92,42,77,56,32,21,26,69,10.90,3.53,1.32,5.68,9.99,0,0,0,0,0,0,Emirates Stadium (London)
1506771000,Sep 30 2017 - 11:30am,complete,24169,Huddersfield Town,Tottenham Hotspur,1.21,1.79,0,4,4,3,0,3,"","9,16,23,90'1",4,7,1,0,1,0,4,10,2,4,2,6,6,4,41,59,2.50,45,74,45,27,14,42,68,10.79,3.32,8.11,5,1.41,0,0,0,0,0,0,The John Smith's Stadium (Huddersfield- West Yorkshire)
1506780000,Sep 30 2017 - 2:00pm,complete,10444,AFC Bournemouth,Leicester City,1.37,1.05,0,0,0,0,0,0,"","",7,5,1,0,0,0,17,6,8,3,9,3,6,10,57,43,3.29,69,87,68,37,24,48,69,10.84,3.63,2.82,3.45,2.59,0,0,0,0,0,0,Vitality Stadium (Bournemouth- Dorset)
1506780000,Sep 30 2017 - 2:00pm,complete,75118,Manchester United,Crystal Palace,2.47,0.95,4,0,4,2,2,0,"3,35,49,86","",6,5,0,0,0,0,10,6,5,2,5,4,6,9,54,46,2.40,37,66,50,26,8,34,61,11.69,3.27,1.19,7.38,9.99,0,0,0,0,0,0,Old Trafford (Manchester)
1506780000,Sep 30 2017 - 2:00pm,complete,29285,Stoke City,Southampton,1.05,0.89,2,1,3,1,1,0,"40,85","75",5,6,1,0,2,0,5,11,3,5,2,6,11,9,43,57,2.55,56,76,55,21,8,35,66,9.58,3.68,2.86,3.21,2.71,0,0,0,0,0,0,Bet365 Stadium (Stoke-on-Trent- Staffordshire)
1506780000,Sep 30 2017 - 2:00pm,complete,24606,West Bromwich Albion,Watford,0.95,0.74,2,2,4,3,2,1,"18,21","37,90'5",7,6,3,0,0,0,6,8,3,3,3,5,12,11,36,64,2.63,48,74,50,32,16,29,66,9.90,3.21,2.26,3.19,3.64,0,0,0,0,0,0,The Hawthorns (West Bromwich)
1506780000,Sep 30 2017 - 2:00pm,complete,56922,West Ham United,Swansea City,1.42,0.63,1,0,1,0,0,0,"90","",2,1,3,0,2,0,7,5,5,2,2,3,15,13,41,59,2.45,48,74,42,24,19,34,63,7.78,3.37,1.96,3.49,4.29,0,0,0,0,0,0,London Stadium (London)
1506789000,Sep 30 2017 - 4:30pm,complete,41530,Chelsea,Manchester City,1.95,2.63,0,1,1,0,0,0,"","67",4,8,0,0,2,0,6,13,4,6,2,7,8,13,40,60,2.74,42,71,50,32,19,45,69,15.47,3.21,2.75,3.53,2.61,0,0,0,0,0,0,Stamford Bridge (London)
1506855600,Oct 1 2017 - 11:00am,complete,59378,Arsenal,Brighton & Hove Albion,2.47,0.58,2,0,2,1,1,0,"16,56","",6,5,0,0,2,0,18,7,12,2,6,5,7,8,60,40,2.97,37,85,53,35,24,37,74,10.79,2.42,1.23,6.76,9.99,0,0,0,0,0,0,Emirates Stadium (London)
1506863700,Oct 1 2017 - 1:15pm,complete,38448,Everton,Burnley,1.79,1.47,0,1,1,1,0,1,"","21",9,3,2,0,2,0,16,6,6,5,10,1,15,7,61,39,2.42,47,69,45,24,11,27,53,8.10,3.58,1.64,3.91,6.1,0,0,0,0,0,0,Goodison Park (Liverpool)
1506871800,Oct 1 2017 - 3:30pm,complete,52303,Newcastle United,Liverpool,1.47,1.68,1,1,2,2,1,1,"36","29",1,5,1,0,1,0,6,13,5,5,1,8,11,5,36,64,2.77,45,71,56,26,21,42,74,9.42,2.89,4.86,4,1.74,0,0,0,0,0,0,St. James' Park (Newcastle upon Tyne)
1507980600,Oct 14 2017 - 11:30am,complete,52912,Liverpool,Manchester United,2.26,1.79,0,0,0,0,0,0,"","",7,3,0,0,2,0,18,4,9,2,9,2,7,13,60,40,2.74,40,71,53,37,19,37,66,12.37,2.90,2.52,3.5,2.87,0,0,0,0,0,0,Anfield (Liverpool)
1507989600,Oct 14 2017 - 2:00pm,complete,20945,Burnley,West Ham United,1.37,0.79,1,1,2,1,0,1,"85","19",7,4,2,0,3,1,13,6,6,6,7,0,9,14,62,38,2.61,53,74,50,27,16,24,69,8.53,3.63,2.58,3.21,3.02,0,0,0,0,0,0,Turf Moor (Burnley)
1507989600,Oct 14 2017 - 2:00pm,complete,25480,Crystal Palace,Chelsea,1.37,1.74,2,1,3,3,2,1,"11,45","18",5,8,2,0,1,0,11,14,5,6,6,8,7,6,44,56,2.90,56,77,66,37,16,35,77,9.85,3.31,9.99,5.14,1.36,0,0,0,0,0,0,Selhurst Park (London)
1507989600,Oct 14 2017 - 2:00pm,complete,54128,Manchester City,Stoke City,2.63,0.68,7,2,9,4,3,1,"17,19,27,55,60,62,79","44,47",5,0,0,0,1,0,15,3,7,0,8,3,5,8,73,27,3.37,58,82,69,42,27,32,74,10.21,3.15,1.15,9.15,9.99,0,0,0,0,0,0,Etihad Stadium (Manchester)
1507989600,Oct 14 2017 - 2:00pm,complete,20657,Swansea City,Huddersfield Town,1.11,0.74,2,0,2,1,1,0,"42,48","",5,3,1,0,5,0,6,7,3,6,3,1,12,16,41,59,2.27,32,71,37,19,8,21,55,8.32,3.26,2.25,3.23,3.62,0,0,0,0,0,0,Liberty Stadium (Swansea)
1507989600,Oct 14 2017 - 2:00pm,complete,73502,Tottenham Hotspur,AFC Bournemouth,2.26,0.95,1,0,1,0,0,0,"47","",9,5,1,0,3,0,12,7,7,4,5,3,9,7,65,35,2.79,50,74,50,29,13,32,66,12.95,2.37,1.23,7.14,9.99,0,0,0,0,0,0,Wembley Stadium (London)
1507998600,Oct 14 2017 - 4:30pm,complete,20384,Watford,Arsenal,1.42,0.84,2,1,3,1,0,1,"71,90'2","39",2,5,1,0,0,0,6,8,0,5,6,3,7,8,49,51,2.87,63,71,61,35,19,37,69,9.94,4.16,5.43,4.12,1.66,0,0,0,0,0,0,Vicarage Road Stadium (Watford)
1508070600,Oct 15 2017 - 12:30pm,complete,30565,Brighton & Hove Albion,Everton,1.53,0.79,1,1,2,0,0,0,"82","90",7,1,4,0,1,0,9,12,5,7,4,5,11,10,49,51,2.66,58,79,45,35,11,32,66,8.37,3.47,3.61,3.22,2.26,0,2.4,0,0,0,0,The American Express Community Stadium (Falmer- East Sussex)
1508079600,Oct 15 2017 - 3:00pm,complete,31437,Southampton,Newcastle United,1.00,0.84,2,2,4,1,0,1,"49,75","20,51",3,8,1,0,2,0,7,11,2,5,5,6,11,10,57,43,2.48,56,63,42,32,16,29,69,11.00,3.06,1.71,3.73,5.59,0,2.1,0,0,0,0,St. Mary's Stadium (Southampton- Hampshire)
1508180400,Oct 16 2017 - 7:00pm,complete,30203,Leicester City,West Bromwich Albion,1.42,0.68,1,1,2,0,0,0,"80","63",4,1,2,0,2,0,8,3,4,0,4,3,13,6,53,47,2.21,45,74,37,14,3,16,69,9.84,3.48,1.94,3.47,4.41,0,0,0,0,0,0,King Power Stadium (Leicester- Leicestershire)
1508526000,Oct 20 2017 - 7:00pm,complete,56977,West Ham United,Brighton & Hove Albion,1.42,0.58,0,3,3,2,0,2,"","10,45'2,75",10,3,1,0,0,0,11,5,3,3,8,2,4,13,66,34,2.34,40,77,37,21,13,34,63,8.73,2.84,1.79,3.54,5.26,1.38,2.15,3.95,7.5,2.15,1.74,London Stadium (London)
1508594400,Oct 21 2017 - 2:00pm,complete,24169,Huddersfield Town,Manchester United,1.21,1.79,2,1,3,2,2,0,"28,33","78",4,7,4,0,2,0,2,9,2,5,0,4,11,12,33,67,2.37,40,63,42,29,14,40,66,10.69,3.53,9.99,5.15,1.34,0,1.95,0,0,0,0,The John Smith's Stadium (Huddersfield- West Yorkshire)
1508594400,Oct 21 2017 - 2:00pm,complete,54118,Manchester City,Burnley,2.63,1.47,3,0,3,1,1,0,"30,73,75","",4,5,2,0,3,0,11,5,7,0,4,5,9,5,71,29,3.08,53,76,63,40,24,29,71,11.10,3.47,1.1,9.99,9.99,0,1.28,0,0,0,0,Etihad Stadium (Manchester)
1508594400,Oct 21 2017 - 2:00pm,complete,52251,Newcastle United,Crystal Palace,1.47,0.95,1,0,1,0,0,0,"86","",3,5,4,0,2,0,6,10,5,4,1,6,12,14,48,52,2.16,37,61,42,16,8,26,56,9.90,3.16,1.89,3.5,4.64,0,2.04,0,0,0,0,St. James' Park (Newcastle upon Tyne)
1508594400,Oct 21 2017 - 2:00pm,complete,29500,Stoke City,AFC Bournemouth,1.05,0.95,1,2,3,2,0,2,"63","16,18",8,3,0,0,1,0,8,5,4,2,4,3,16,10,47,53,2.63,56,79,63,24,3,35,68,9.63,2.94,1.96,3.5,4.26,0,1.95,0,0,0,0,Bet365 Stadium (Stoke-on-Trent- Staffordshire)
1508594400,Oct 21 2017 - 2:00pm,complete,20521,Swansea City,Leicester City,1.11,1.05,1,2,3,1,0,1,"56","24,49",7,6,0,0,1,0,22,16,14,13,8,3,6,9,56,44,2.90,56,74,53,32,21,42,71,9.79,3.15,2.99,3.31,2.54,0,2.07,0,0,0,0,Liberty Stadium (Swansea)
1508603400,Oct 21 2017 - 4:30pm,complete,29947,Southampton,West Bromwich Albion,1.00,0.68,1,0,1,0,0,0,"85","",8,3,0,0,1,0,16,7,6,3,10,4,10,7,64,36,2.19,48,63,35,19,11,19,64,10.53,3.64,1.72,3.62,5.73,0,2.35,0,0,0,0,St. Mary's Stadium (Southampton- Hampshire)
1508675400,Oct 22 2017 - 12:30pm,complete,39189,Everton,Arsenal,1.79,0.84,2,5,7,2,1,1,"12,90'3","40,53,74,90,90'5",0,7,2,1,1,0,5,16,2,10,3,6,14,14,45,55,2.66,55,71,53,32,11,29,55,9.15,3.37,4.26,3.71,1.9,0,1.8,0,0,0,0,Goodison Park (Liverpool)
1508684400,Oct 22 2017 - 3:00pm,complete,80827,Tottenham Hotspur,Liverpool,2.26,1.68,4,1,5,4,3,1,"4,12,45'3,56","24",3,5,0,0,1,0,5,8,2,7,3,1,2,8,42,58,3.24,53,79,56,40,29,42,76,12.58,2.58,2.04,3.71,3.7,0,1.64,0,0,0,0,Wembley Stadium (London)
1508785200,Oct 23 2017 - 7:00pm,complete,41467,Chelsea,Watford,1.95,0.74,4,2,6,2,1,1,"12,71,87,90'5","45'2,49",6,6,2,0,3,0,10,10,5,4,5,6,13,15,49,51,2.53,35,69,45,26,16,32,66,12.37,2.74,1.3,5.83,9.99,0,1.66,0,0,0,0,Stamford Bridge (London)
1509190200,Oct 28 2017 - 11:30am,complete,75034,Manchester United,Tottenham Hotspur,2.47,1.79,1,0,1,0,0,0,"81","",6,3,1,0,0,0,10,10,4,6,6,4,11,14,44,56,2.66,43,76,53,29,11,45,68,11.58,3.27,2.05,3.49,3.91,0,2,0,0,0,0,Old Trafford (Manchester)
1509199200,Oct 28 2017 - 2:00pm,complete,59493,Arsenal,Swansea City,2.47,0.63,2,1,3,1,0,1,"51,58","22",5,2,0,0,0,0,14,4,6,2,8,2,9,9,67,33,3.08,45,82,58,37,29,37,74,9.84,2.95,1.26,6.54,9.99,0,1.47,0,0,0,0,Emirates Stadium (London)
1509199200,Oct 28 2017 - 2:00pm,complete,25242,Crystal Palace,West Ham United,1.37,0.79,2,2,4,2,0,2,"50,90'7","31,43",11,2,1,0,2,0,12,4,7,0,5,4,18,14,59,41,3.21,61,87,66,45,27,37,82,9.11,4.26,2.49,3.38,3,0,2,0,0,0,0,Selhurst Park (London)
1509199200,Oct 28 2017 - 2:00pm,complete,53268,Liverpool,Huddersfield Town,2.26,0.74,3,0,3,0,0,0,"50,58,75","",9,2,0,0,1,0,11,2,4,0,7,2,10,7,66,34,2.63,32,82,48,27,16,27,55,10.37,2.95,1.23,6.72,9.99,0,1.6,0,0,0,0,Anfield (Liverpool)
1509199200,Oct 28 2017 - 2:00pm,complete,20087,Watford,Stoke City,1.42,0.68,0,1,1,1,0,1,"","16",8,1,4,0,4,0,10,5,0,3,10,2,10,9,63,37,2.92,61,74,58,29,21,37,69,8.00,4.05,2.15,3.33,3.78,0,2.1,0,0,0,0,Vicarage Road Stadium (Watford)
1509199200,Oct 28 2017 - 2:00pm,complete,24003,West Bromwich Albion,Manchester City,0.95,2.63,2,3,5,3,1,2,"13,90'2","10,15,64",1,2,2,0,3,0,4,13,3,4,1,9,10,7,26,74,2.84,55,77,56,37,19,43,69,13.00,3.68,9.99,6.39,1.28,0,1.44,0,0,0,0,The Hawthorns (West Bromwich)
1509208200,Oct 28 2017 - 4:30pm,complete,10998,AFC Bournemouth,Chelsea,1.37,1.74,0,1,1,0,0,0,"","51",5,5,2,0,0,0,7,15,4,6,3,9,5,5,44,56,2.90,58,79,68,35,11,32,69,10.37,3.00,6.74,4.5,1.52,0,1.72,0,0,0,0,Vitality Stadium (Bournemouth- Dorset)
1509283800,Oct 29 2017 - 1:30pm,complete,30564,Brighton & Hove Albion,Southampton,1.53,0.89,1,1,2,1,0,1,"52","7",2,7,3,0,1,0,7,4,2,2,5,2,8,9,52,48,2.53,56,71,45,29,14,37,58,10.11,4.05,3.41,3.21,2.35,0,2.25,0,0,0,0,The American Express Community Stadium (Falmer- East Sussex)
1509292800,Oct 29 2017 - 4:00pm,complete,31891,Leicester City,Everton,1.42,0.79,2,0,2,2,2,0,"18,29","",3,10,0,0,2,0,6,13,4,3,2,10,6,10,40,60,2.61,56,87,45,24,8,26,82,9.52,2.79,2.36,3.34,3.25,0,2,0,0,0,0,King Power Stadium (Leicester- Leicestershire)
1509393600,Oct 30 2017 - 8:00pm,complete,21031,Burnley,Newcastle United,1.37,0.84,1,0,1,0,0,0,"74","",5,3,3,0,0,0,9,8,4,5,5,3,8,8,53,47,2.14,48,56,40,19,6,19,58,9.37,2.95,2.85,3.21,2.72,1.35,2.1,3.75,7,1.95,1.83,Turf Moor (Burnley)
1509798600,Nov 4 2017 - 12:30pm,complete,29602,Stoke City,Leicester City,1.05,1.05,2,2,4,2,1,1,"39,73","33,60",4,10,0,0,0,0,9,7,7,3,2,4,12,8,50,50,3.13,66,87,66,32,19,48,71,9.00,3.57,2.61,3.42,2.82,0,0,0,0,0,0,Bet365 Stadium (Stoke-on-Trent- Staffordshire)
1509807600,Nov 4 2017 - 3:00pm,complete,24169,Huddersfield Town,West Bromwich Albion,1.21,0.68,1,0,1,1,1,0,"44","",3,5,2,1,4,0,6,8,3,5,3,3,9,14,52,48,2.06,37,61,35,16,6,21,61,9.32,3.69,2.65,3.08,3.04,0,0,0,0,0,0,The John Smith's Stadium (Huddersfield- West Yorkshire)
1509807600,Nov 4 2017 - 3:00pm,complete,52237,Newcastle United,AFC Bournemouth,1.47,0.95,0,1,1,0,0,0,"","90'2",11,9,2,0,2,0,16,13,8,7,8,6,12,12,47,53,2.32,43,66,50,16,5,32,63,9.79,2.68,2.06,3.43,3.95,0,0,0,0,0,0,St. James' Park (Newcastle upon Tyne)
1509807600,Nov 4 2017 - 3:00pm,complete,30491,Southampton,Burnley,1.00,1.47,0,1,1,0,0,0,"","81",9,1,0,0,0,0,8,3,3,0,5,3,3,4,63,37,2.32,53,66,40,21,16,27,66,10.42,3.53,1.63,3.66,6.91,0,0,0,0,0,0,St. Mary's Stadium (Southampton- Hampshire)
1509807600,Nov 4 2017 - 3:00pm,complete,20822,Swansea City,Brighton & Hove Albion,1.11,0.58,0,1,1,1,0,1,"","29",8,7,2,0,1,0,3,3,3,2,0,1,12,15,55,45,2.11,32,66,32,19,5,24,66,8.84,2.26,2.15,3.22,3.93,0,0,0,0,0,0,Liberty Stadium (Swansea)
1509816600,Nov 4 2017 - 5:30pm,complete,56961,West Ham United,Liverpool,1.42,1.68,1,4,5,2,0,2,"55","21,24,56,75",2,3,3,0,0,0,5,9,0,3,5,6,9,13,53,47,3.08,56,82,61,37,29,50,76,9.94,3.31,5.2,4.22,1.66,0,0,0,0,0,0,London Stadium (London)
1509883200,Nov 5 2017 - 12:00pm,complete,65270,Tottenham Hotspur,Crystal Palace,2.26,0.95,1,0,1,0,0,0,"64","",10,9,0,0,2,0,9,10,2,4,7,6,6,7,61,39,2.64,45,69,42,29,16,26,58,13.06,2.85,1.24,6.95,9.99,0,0,0,0,0,0,Wembley Stadium (London)
1509891300,Nov 5 2017 - 2:15pm,complete,54286,Manchester City,Arsenal,2.63,0.84,3,1,4,1,1,0,"19,50,74","65",5,5,1,0,6,0,7,5,3,2,4,3,15,14,64,36,3.32,61,79,71,48,24,32,74,12.15,3.26,1.57,4.6,5.71,0,0,0,0,0,0,Etihad Stadium (Manchester)
1509899400,Nov 5 2017 - 4:30pm,complete,41615,Chelsea,Manchester United,1.95,1.79,1,0,1,0,0,0,"55","",4,7,1,0,3,0,14,8,7,3,7,5,16,19,52,48,2.50,40,63,45,32,16,40,61,13.11,3.32,2.38,3.26,3.3,0,0,0,0,0,0,Stamford Bridge (London)
1509899400,Nov 5 2017 - 4:30pm,complete,38609,Everton,Watford,1.79,0.74,3,2,5,0,0,0,"67,74,90'1","46,64",2,5,0,0,2,0,7,8,5,2,2,6,13,11,50,50,2.63,40,74,47,29,14,29,61,8.84,2.95,2.02,3.41,4.13,0,0,0,0,0,0,Goodison Park (Liverpool)
1511008200,Nov 18 2017 - 12:30pm,complete,59530,Arsenal,Tottenham Hotspur,2.47,1.79,2,0,2,2,2,0,"36,41","",7,4,4,0,1,0,10,13,5,6,5,7,11,15,41,59,3.37,50,90,66,43,29,47,76,12.37,3.16,2.31,3.56,3.16,0,0,0,0,0,0,Emirates Stadium (London)
1511017200,Nov 18 2017 - 3:00pm,complete,10879,AFC Bournemouth,Huddersfield Town,1.37,0.74,4,0,4,2,2,0,"26,31,70,84","",8,11,4,1,2,0,7,16,2,8,5,8,13,9,38,62,2.66,45,84,53,24,11,27,53,9.37,3.74,2.1,3.32,3.95,0,0,0,0,0,0,Vitality Stadium (Bournemouth- Dorset)
1511017200,Nov 18 2017 - 3:00pm,complete,18895,Burnley,Swansea City,1.37,0.63,2,0,2,2,2,0,"29,40","",8,6,1,0,1,0,8,11,7,4,1,7,11,10,47,53,2.00,42,61,35,11,8,19,58,7.84,2.95,2.24,3.18,3.71,0,0,0,0,0,0,Turf Moor (Burnley)
1511017200,Nov 18 2017 - 3:00pm,complete,25526,Crystal Palace,Everton,1.37,0.79,2,2,4,4,2,2,"1,35","6,45'1",9,4,2,0,3,0,10,7,5,4,5,3,9,24,65,35,2.85,58,82,55,35,16,32,79,9.16,3.47,2.81,3.14,2.81,0,0,0,0,0,0,Selhurst Park (London)
1511017200,Nov 18 2017 - 3:00pm,complete,31908,Leicester City,Manchester City,1.42,2.63,0,2,2,1,0,1,"","45,49",1,7,1,0,1,0,2,11,2,5,0,6,8,10,32,68,2.76,50,84,50,27,13,40,82,13.57,3.21,7.55,5.35,1.41,0,0,0,0,0,0,King Power Stadium (Leicester- Leicestershire)
1511017200,Nov 18 2017 - 3:00pm,complete,53256,Liverpool,Southampton,2.26,0.89,3,0,3,2,2,0,"31,41,68","",10,2,1,0,1,0,14,4,6,0,8,4,15,9,62,38,2.68,45,74,53,29,19,35,66,12.42,2.95,1.47,4.75,7.25,0,0,0,0,0,0,Anfield (Liverpool)
1511017200,Nov 18 2017 - 3:00pm,complete,23592,West Bromwich Albion,Chelsea,0.95,1.74,0,4,4,3,0,3,"","17,23,38,62",3,4,2,0,3,0,9,5,4,3,5,2,13,12,41,59,2.74,58,74,61,37,14,32,66,9.64,3.10,6.85,4.42,1.52,0,0,0,0,0,0,The Hawthorns (West Bromwich)
1511026200,Nov 18 2017 - 5:30pm,complete,75035,Manchester United,Newcastle United,2.47,0.84,4,1,5,3,2,1,"37,45'1,54,70","14",11,4,1,0,1,0,8,11,4,5,4,6,9,9,60,40,2.50,43,63,50,32,8,34,66,10.58,3.06,1.29,5.75,9.99,0,0,0,0,0,0,Old Trafford (Manchester)
1511107200,Nov 19 2017 - 4:00pm,complete,20018,Watford,West Ham United,1.42,0.79,2,0,2,1,1,0,"11,64","",3,1,1,0,4,0,15,8,7,5,8,3,13,9,56,44,3.26,63,85,66,45,29,42,79,8.63,4.58,2.18,3.37,3.63,0,0,0,0,0,0,Vicarage Road Stadium (Watford)
1511208000,Nov 20 2017 - 8:00pm,complete,29676,Brighton & Hove Albion,Stoke City,1.53,0.68,2,2,4,3,1,2,"44,60","28,45'1",6,7,1,0,0,0,7,8,2,5,5,3,12,6,56,44,2.69,58,74,48,29,14,32,58,7.69,3.73,2.55,3.13,3.14,0,0,0,0,0,0,The American Express Community Stadium (Falmer- East Sussex)
1511553600,Nov 24 2017 - 8:00pm,complete,56897,West Ham United,Leicester City,1.42,1.05,1,1,2,2,1,1,"45","8",5,5,1,0,1,0,7,7,4,3,3,4,9,12,51,49,3.13,64,84,58,34,29,53,69,9.68,3.73,2.49,3.35,3.12,1.33,2,3.5,6.85,1.87,2,London Stadium (London)
1511622000,Nov 25 2017 - 3:00pm,complete,23723,Crystal Palace,Stoke City,1.37,0.68,2,1,3,0,0,0,"56,90'2","53",5,2,1,0,1,0,5,10,3,4,2,6,9,4,54,46,2.87,58,77,58,29,19,32,71,8.48,3.73,2.33,3.13,3.56,1.29,1.91,3.25,6.15,1.87,2,Selhurst Park (London)
1511622000,Nov 25 2017 - 3:00pm,complete,75018,Manchester United,Brighton & Hove Albion,2.47,0.58,1,0,1,0,0,0,"66","",5,0,0,0,2,0,11,7,6,4,5,3,9,9,54,46,2.26,29,71,40,21,5,34,66,10.00,2.53,1.19,7.05,9.99,0,0,0,0,0,0,Old Trafford (Manchester)
1511622000,Nov 25 2017 - 3:00pm,complete,52188,Newcastle United,Watford,1.47,0.74,0,3,3,2,0,2,"","19,45'1,62",6,3,1,0,2,0,10,10,5,4,5,6,9,13,53,47,2.32,32,66,42,16,11,26,66,8.95,2.79,2.2,3.31,3.8,1.3,1.95,3.35,6.4,1.87,2,St. James' Park (Newcastle upon Tyne)
1511622000,Nov 25 2017 - 3:00pm,complete,20228,Swansea City,AFC Bournemouth,1.11,0.95,0,0,0,0,0,0,"","",4,5,4,0,2,0,16,13,8,10,8,3,18,5,46,54,2.40,45,66,50,24,5,29,68,10.42,2.52,2.6,3.17,3.02,1.36,2.1,3.85,7.25,1.95,1.87,Liberty Stadium (Swansea)
1511622000,Nov 25 2017 - 3:00pm,complete,65905,Tottenham Hotspur,West Bromwich Albion,2.26,0.68,1,1,2,1,0,1,"74","4",8,0,1,0,4,0,16,5,6,2,10,3,10,12,66,34,2.45,42,66,35,22,11,16,58,11.48,3.22,1.28,5.94,9.99,1.2,1.65,2.6,4.6,2.4,1.59,Wembley Stadium (London)
1511631000,Nov 25 2017 - 5:30pm,complete,53225,Liverpool,Chelsea,2.26,1.74,1,1,2,0,0,0,"65","85",7,8,0,0,0,0,10,9,7,3,3,6,10,7,56,44,2.87,45,77,63,37,16,32,71,11.37,2.21,2.26,3.63,3.2,1.19,1.62,2.55,4.45,1.62,2.35,Anfield (Liverpool)
1511703000,Nov 26 2017 - 1:30pm,complete,30461,Southampton,Everton,1.00,0.79,4,1,5,2,1,1,"18,52,58,87","45",7,2,0,0,0,0,11,5,5,2,6,3,6,13,64,36,2.58,58,76,42,29,16,29,77,10.21,2.95,1.93,3.24,4.95,1.37,2.15,3.9,7.5,2.1,1.77,St. Mary's Stadium (Southampton- Hampshire)
1511704800,Nov 26 2017 - 2:00pm,complete,21722,Burnley,Arsenal,1.37,0.84,0,1,1,0,0,0,"","90'2",5,5,2,0,0,0,7,14,5,2,2,12,7,15,39,61,2.21,53,61,45,16,6,19,58,9.84,3.21,5.71,4.04,1.68,1.21,1.69,2.7,4.8,1.87,2,Turf Moor (Burnley)
1511712000,Nov 26 2017 - 4:00pm,complete,24121,Huddersfield Town,Manchester City,1.21,2.63,1,2,3,1,1,0,"45'1","47,84",3,7,2,1,3,0,4,12,0,5,4,7,9,10,27,73,2.61,42,71,48,29,16,45,74,13.05,3.42,9.99,7.44,1.2,1.13,1.47,2.15,3.6,2.4,1.61,The John Smith's Stadium (Huddersfield- West Yorkshire)
1511898300,Nov 28 2017 - 7:45pm,complete,29889,Brighton & Hove Albion,Crystal Palace,1.53,0.95,0,0,0,0,0,0,"","",10,5,2,0,0,0,9,10,5,5,4,5,12,7,54,46,2.45,50,69,45,32,11,32,53,10.27,3.79,2.6,3.14,3.05,1.45,2.4,4.5,9.25,2.15,1.74,The American Express Community Stadium (Falmer- East Sussex)
1511898300,Nov 28 2017 - 7:45pm,complete,31950,Leicester City,Tottenham Hotspur,1.42,1.79,2,1,3,2,2,0,"13,45'1","79",4,9,1,0,2,0,6,16,3,8,3,8,7,9,33,67,2.66,53,87,48,24,11,37,76,11.31,3.11,5.19,4,1.7,1.23,1.74,2.8,5.2,1.8,2.05,King Power Stadium (Leicester- Leicestershire)
1511899200,Nov 28 2017 - 8:00pm,complete,20552,Watford,Manchester United,1.42,1.79,2,4,6,3,0,3,"77,84","19,25,32,86",5,5,2,0,1,0,8,7,4,4,4,3,11,12,55,45,2.82,53,69,55,37,21,45,69,10.37,4.32,6.5,4.15,1.57,1.25,1.8,3,5.5,1.87,2,Vicarage Road Stadium (Watford)
1511899200,Nov 28 2017 - 8:00pm,complete,25534,West Bromwich Albion,Newcastle United,0.95,0.84,2,2,4,1,1,0,"45'1,56","59,83",1,6,0,0,0,0,4,9,3,4,1,5,13,12,52,48,2.58,58,66,50,37,14,29,61,9.74,3.37,2.27,3.15,3.68,1.45,2.4,4.5,9.25,2.15,1.74,The Hawthorns (West Bromwich)
1511984700,Nov 29 2017 - 7:45pm,complete,10302,AFC Bournemouth,Burnley,1.37,1.47,1,2,3,1,0,1,"79","37,65",4,6,0,0,1,0,6,5,0,3,6,2,9,11,61,39,2.58,55,74,55,24,11,27,61,9.89,3.74,2,3.4,4.22,1.36,2.1,3.85,7.25,2.05,1.83,Vitality Stadium (Bournemouth- Dorset)
1511984700,Nov 29 2017 - 7:45pm,complete,59285,Arsenal,Huddersfield Town,2.47,0.74,5,0,5,1,1,0,"3,68,69,72,87","",7,2,0,0,1,0,12,6,3,3,9,3,9,10,63,37,3.13,37,90,58,35,27,34,63,10.27,3.42,1.19,7.6,9.99,0,0,0,0,0,0,Emirates Stadium (London)
1511984700,Nov 29 2017 - 7:45pm,complete,41365,Chelsea,Swansea City,1.95,0.63,1,0,1,0,0,0,"55","",15,1,1,0,0,0,20,3,12,2,8,1,10,7,62,38,2.34,40,66,40,24,16,32,61,10.68,2.90,1.2,7.41,9.99,0,0,0,0,0,0,Stamford Bridge (London)
1511985600,Nov 29 2017 - 8:00pm,complete,38242,Everton,West Ham United,1.79,0.79,4,0,4,2,2,0,"18,28,66,78","",2,6,2,0,1,0,3,5,2,3,1,2,15,5,39,61,3.05,55,85,58,43,22,35,66,7.84,3.79,2.09,3.45,3.82,1.3,1.95,3.3,6.25,1.87,2,Goodison Park (Liverpool)
1511985600,Nov 29 2017 - 8:00pm,complete,53407,Manchester City,Southampton,2.63,0.89,2,1,3,0,0,0,"47,90'6","75",6,5,1,0,1,0,20,4,11,2,9,2,12,11,72,28,3.21,56,79,66,42,27,37,74,12.63,3.47,1.17,8.6,9.99,1.11,1.41,2,3.3,2.1,1.77,Etihad Stadium (Manchester)
1511985600,Nov 29 2017 - 8:00pm,complete,29423,Stoke City,Liverpool,1.05,1.68,0,3,3,1,0,1,"","17,77,83",5,9,1,0,5,0,6,9,3,6,3,3,8,10,45,55,3.08,58,84,69,34,19,45,79,9.26,3.15,5.55,4.33,1.62,1.17,1.56,2.4,4.15,1.74,2.15,Bet365 Stadium (Stoke-on-Trent- Staffordshire)
1512226800,Dec 2 2017 - 3:00pm,complete,30634,Brighton & Hove Albion,Liverpool,1.53,1.68,1,5,6,2,0,2,"51","30,31,48,87,89",2,2,1,0,0,0,5,7,2,4,3,3,8,5,40,60,3.06,58,79,58,42,24,48,71,9.79,3.52,6.61,4.48,1.52,0,1.72,0,0,0,0,The American Express Community Stadium (Falmer- East Sussex)
1512226800,Dec 2 2017 - 3:00pm,complete,41538,Chelsea,Newcastle United,1.95,0.84,3,1,4,3,2,1,"21,33,74","12",11,4,0,0,1,0,15,7,7,2,8,5,8,12,63,37,2.48,45,61,45,32,14,32,61,12.21,2.90,1.21,7.15,9.99,0,1.6,0,0,0,0,Stamford Bridge (London)
1512226800,Dec 2 2017 - 3:00pm,complete,39167,Everton,Huddersfield Town,1.79,0.74,2,0,2,0,0,0,"47,73","",2,5,2,0,1,0,4,5,3,3,1,2,12,9,48,52,2.50,37,79,42,24,11,27,45,7.58,3.58,1.88,3.54,4.65,0,2,0,0,0,0,Goodison Park (Liverpool)
1512226800,Dec 2 2017 - 3:00pm,complete,30714,Leicester City,Burnley,1.42,1.47,1,0,1,1,1,0,"6","",10,7,0,0,2,0,9,11,5,6,4,5,3,11,49,51,2.34,50,76,42,16,8,24,71,9.73,3.37,1.77,3.61,5.31,0,2.1,0,0,0,0,King Power Stadium (Leicester- Leicestershire)
1512226800,Dec 2 2017 - 3:00pm,complete,28261,Stoke City,Swansea City,1.05,0.63,2,1,3,3,2,1,"36,40","3",2,6,2,0,0,0,7,6,2,4,5,2,14,10,46,54,2.45,50,76,50,21,8,29,66,7.10,3.21,1.9,3.4,4.75,0,2.14,0,0,0,0,Bet365 Stadium (Stoke-on-Trent- Staffordshire)
1512226800,Dec 2 2017 - 3:00pm,complete,20278,Watford,Tottenham Hotspur,1.42,1.79,1,1,2,2,1,1,"13","25",7,2,4,0,1,1,4,5,3,2,1,3,16,8,52,48,2.95,58,79,58,35,21,47,71,10.47,4.11,4.85,4.06,1.73,0,1.7,0,0,0,0,Vicarage Road Stadium (Watford)
1512226800,Dec 2 2017 - 3:00pm,complete,23531,West Bromwich Albion,Crystal Palace,0.95,0.95,0,0,0,0,0,0,"","",3,7,3,0,1,0,16,8,8,3,8,5,11,10,53,47,2.48,53,69,50,32,14,29,56,10.85,3.58,2.44,3.19,3.26,0,2.29,0,0,0,0,The Hawthorns (West Bromwich)
1512235800,Dec 2 2017 - 5:30pm,complete,59547,Arsenal,Manchester United,2.47,1.79,1,3,4,2,0,2,"49","4,11,63",12,1,3,0,2,1,22,2,14,2,8,0,11,10,71,29,3.24,45,79,63,45,29,45,74,12.27,3.37,2.58,3.33,2.92,1.25,1.85,3,6,1.66,2.1,Emirates Stadium (London)
1512307800,Dec 3 2017 - 1:30pm,complete,10764,AFC Bournemouth,Southampton,1.37,0.89,1,1,2,1,1,0,"42","61",5,4,2,0,1,0,13,15,6,4,7,11,5,12,51,49,2.71,58,76,58,27,14,35,63,11.42,3.74,2.48,3.2,3.18,0,2.14,0,0,0,0,Vitality Stadium (Bournemouth- Dorset)
1512316800,Dec 3 2017 - 4:00pm,complete,54203,Manchester City,West Ham United,2.63,0.79,2,1,3,1,0,1,"57,83","44",10,4,2,0,2,0,16,7,9,4,7,3,4,6,72,28,3.71,61,92,76,58,35,37,84,10.84,3.68,1.11,9.99,9.99,0,1.22,0,0,0,0,Etihad Stadium (Manchester)
1512822600,Dec 9 2017 - 12:30pm,complete,56953,West Ham United,Chelsea,1.42,1.74,1,0,1,1,1,0,"6","",4,3,6,0,1,0,3,12,2,3,1,9,10,10,39,61,2.74,53,77,58,32,16,37,69,9.21,3.10,7.23,4.55,1.51,1.25,1.85,3.25,6,1.95,1.8,London Stadium (London)
1512831600,Dec 9 2017 - 3:00pm,complete,19479,Burnley,Watford,1.37,0.74,1,0,1,1,1,0,"45","",3,5,1,0,0,1,8,9,6,3,2,6,10,12,53,47,2.19,37,64,40,13,8,19,64,9.53,2.79,2.47,3.22,3.28,1.41,2.25,4.25,8.5,1.95,1.77,Turf Moor (Burnley)
1512831600,Dec 9 2017 - 3:00pm,complete,24823,Crystal Palace,AFC Bournemouth,1.37,0.95,2,2,4,4,2,2,"41,44","10,45'3",6,3,5,0,2,0,14,8,7,5,7,3,12,12,53,47,2.79,56,77,63,32,13,37,74,10.95,3.31,2.08,3.39,4.09,1.32,2,3.55,6.95,1.83,1.87,Selhurst Park (London)
1512831600,Dec 9 2017 - 3:00pm,complete,24018,Huddersfield Town,Brighton & Hove Albion,1.21,0.58,2,0,2,2,2,0,"12,43","",8,1,0,0,0,0,14,5,6,3,8,2,6,9,55,45,2.11,32,69,32,19,8,32,66,9.21,2.58,2.86,3.03,2.93,1.61,2.9,6,12.75,2.3,1.54,The John Smith's Stadium (Huddersfield- West Yorkshire)
1512831600,Dec 9 2017 - 3:00pm,complete,19580,Swansea City,West Bromwich Albion,1.11,0.68,1,0,1,0,0,0,"81","",6,3,2,0,5,0,22,13,13,8,9,5,8,19,52,48,2.06,37,58,35,16,3,13,61,8.95,3.37,2.66,3.12,3.09,1.54,2.65,5.45,11.5,2.05,1.67,Liberty Stadium (Swansea)
1512831600,Dec 9 2017 - 3:00pm,complete,62202,Tottenham Hotspur,Stoke City,2.26,0.68,5,1,6,1,1,0,"21,53,54,65,74","80",12,6,1,0,0,0,14,4,8,3,6,1,12,8,68,32,2.87,53,74,45,27,19,26,63,10.48,2.79,1.3,6.08,9.99,1.15,1.5,2.25,3.85,1.83,1.83,Wembley Stadium (London)
1512840600,Dec 9 2017 - 5:30pm,complete,52117,Newcastle United,Leicester City,1.47,1.05,2,3,5,2,1,1,"4,73","20,60,86",6,5,2,0,1,0,6,8,2,4,4,4,10,7,45,55,2.82,53,74,53,24,21,45,66,9.16,3.31,3.87,3.65,2.05,1.33,2.04,3.5,7,1.8,1.95,St. James' Park (Newcastle upon Tyne)
1512907200,Dec 10 2017 - 12:00pm,complete,31643,Southampton,Arsenal,1.00,0.84,1,1,2,1,1,0,"3","88",4,5,2,0,2,0,6,9,4,6,2,3,11,9,34,66,2.55,61,68,48,29,16,29,69,11.47,3.32,4.1,3.82,1.94,1.23,1.74,2.9,5.35,1.67,2.05,St. Mary's Stadium (Southampton- Hampshire)
1512915300,Dec 10 2017 - 2:15pm,complete,53082,Liverpool,Everton,2.26,0.79,1,1,2,1,1,0,"42","77",12,1,1,0,3,0,19,3,5,2,14,1,7,11,72,28,2.82,48,82,53,35,16,29,74,10.68,2.37,1.29,6.33,9.99,1.15,1.53,2.3,4,1.91,1.77,Anfield (Liverpool)
1512923400,Dec 10 2017 - 4:30pm,complete,74847,Manchester United,Manchester City,2.47,2.63,1,2,3,2,1,1,"45'2","43,54",2,8,4,0,2,0,6,10,4,7,2,3,16,10,42,58,2.76,40,74,56,32,13,48,74,13.84,3.37,3.87,3.65,2.05,1.26,1.83,3.1,5.8,1.69,2,Old Trafford (Manchester)
1513107900,Dec 12 2017 - 7:45pm,complete,19909,Burnley,Stoke City,1.37,0.68,1,0,1,0,0,0,"89","",6,4,0,0,0,0,6,13,2,8,4,5,7,13,57,43,2.27,50,64,43,11,8,19,58,7.90,3.10,2.32,3.15,3.54,1.44,2.35,4.55,9,2.05,1.69,Turf Moor (Burnley)
1513108800,Dec 12 2017 - 8:00pm,complete,24169,Huddersfield Town,Chelsea,1.21,1.74,1,3,4,2,0,2,"90'2","23,43,50",1,3,0,0,0,0,5,8,2,3,3,5,11,3,36,64,2.50,45,69,53,29,11,35,71,9.69,2.84,9.99,5.24,1.34,1.24,1.77,2.95,5.5,2.2,1.61,The John Smith's Stadium (Huddersfield- West Yorkshire)
1513108800,Dec 12 2017 - 8:00pm,complete,23566,Crystal Palace,Watford,1.37,0.74,2,1,3,1,0,1,"89,90'2","3",4,6,2,0,2,1,8,8,2,4,6,4,14,18,58,42,2.79,45,77,55,32,19,32,77,10.11,3.42,2.33,3.27,3.38,1.27,1.87,3.2,6.05,1.71,2,Selhurst Park (London)
1513194300,Dec 13 2017 - 7:45pm,complete,20870,Swansea City,Manchester City,1.11,2.63,0,4,4,2,0,2,"","27,34,52,85",2,5,0,0,0,0,8,26,7,14,1,12,11,6,25,75,2.61,42,69,48,29,13,37,74,12.68,3.10,9.99,7.46,1.21,1.15,1.5,2.25,3.85,1.95,1.74,Liberty Stadium (Swansea)
1513194300,Dec 13 2017 - 7:45pm,complete,51042,Newcastle United,Everton,1.47,0.79,0,1,1,1,0,1,"","27",4,1,2,1,2,0,10,5,9,2,1,3,9,10,57,43,2.37,45,71,42,19,8,26,69,8.00,2.84,2.42,3.25,3.23,0,0,0,0,0,0,St. James' Park (Newcastle upon Tyne)
1513194300,Dec 13 2017 - 7:45pm,complete,27714,Southampton,Leicester City,1.00,1.05,1,4,5,3,0,3,"61","11,32,38,69",9,9,1,0,0,0,7,9,4,7,3,2,13,9,45,55,3.03,66,79,53,34,29,48,74,11.37,3.42,2.1,3.35,3.91,1.32,2,3.55,6.95,1.8,1.87,St. Mary's Stadium (Southampton- Hampshire)
1513195200,Dec 13 2017 - 8:00pm,complete,74798,Manchester United,AFC Bournemouth,2.47,0.95,1,0,1,1,1,0,"25","",4,9,1,0,2,0,2,11,0,9,2,2,14,12,54,46,2.55,43,71,58,26,5,40,68,11.58,2.79,1.26,6.22,9.99,1.16,1.53,2.35,4.05,2.05,1.67,Old Trafford (Manchester)
1513195200,Dec 13 2017 - 8:00pm,complete,56921,West Ham United,Arsenal,1.42,0.84,0,0,0,0,0,0,"","",1,7,2,0,0,0,3,14,0,5,3,9,8,10,41,59,2.66,58,74,53,29,16,34,63,9.78,3.63,5.63,4.29,1.61,1.2,1.67,2.65,4.8,1.69,2,London Stadium (London)
1513195200,Dec 13 2017 - 8:00pm,complete,53243,Liverpool,West Bromwich Albion,2.26,0.68,0,0,0,0,0,0,"","",5,7,1,0,1,0,14,6,10,3,4,3,15,6,68,32,2.42,37,69,45,24,11,19,61,11.00,3.06,1.23,7.03,9.99,1.15,1.5,2.25,3.85,2.1,1.67,Anfield (Liverpool)
1513195200,Dec 13 2017 - 8:00pm,complete,55124,Tottenham Hotspur,Brighton & Hove Albion,2.26,0.58,2,0,2,1,1,0,"40,87","",10,2,1,0,1,0,14,7,10,5,4,2,4,10,72,28,2.50,37,74,32,24,13,26,63,11.37,2.11,1.27,6.2,9.99,1.2,1.62,2.6,4.65,2.3,1.54,Wembley Stadium (London)
1513427400,Dec 16 2017 - 12:30pm,complete,31081,Leicester City,Crystal Palace,1.42,0.95,0,3,3,2,0,2,"","19,40,90'4",6,4,3,1,2,0,7,6,3,4,4,2,12,13,56,44,2.40,48,76,45,21,8,26,69,11.42,3.11,1.91,3.53,4.5,1.29,1.91,3.3,6.45,1.8,1.91,King Power Stadium (Leicester- Leicestershire)
1513436400,Dec 16 2017 - 3:00pm,complete,59379,Arsenal,Newcastle United,2.47,0.84,1,0,1,1,1,0,"23","",7,5,2,0,1,0,16,8,5,3,11,5,13,9,60,40,3.21,50,77,63,45,27,37,74,11.37,2.95,1.26,6.25,9.99,1.14,1.47,2.2,3.7,1.87,1.83,Emirates Stadium (London)
1513436400,Dec 16 2017 - 3:00pm,complete,29921,Brighton & Hove Albion,Burnley,1.53,1.47,0,0,0,0,0,0,"","",8,2,4,0,2,0,8,7,5,6,3,1,12,12,61,39,2.40,53,69,42,27,11,29,56,8.58,4.05,2.59,2.84,3.54,1.57,2.75,5.65,12,2.25,1.57,The American Express Community Stadium (Falmer- East Sussex)
1513436400,Dec 16 2017 - 3:00pm,complete,41562,Chelsea,Southampton,1.95,0.89,1,0,1,1,1,0,"45'3","",8,4,1,0,3,0,19,6,12,3,7,3,8,16,57,43,2.45,45,66,45,24,16,37,61,13.16,3.37,1.37,5.06,9.71,1.23,1.71,2.8,5.2,1.95,1.74,Stamford Bridge (London)
1513436400,Dec 16 2017 - 3:00pm,complete,20026,Watford,Huddersfield Town,1.42,0.74,1,4,5,2,0,2,"68","6,23,50,89",8,7,2,1,3,1,8,9,3,6,5,3,11,17,56,44,2.71,45,79,50,27,19,34,58,8.37,4.37,1.71,3.76,5.62,1.33,2,3.6,7,1.91,1.77,Vicarage Road Stadium (Watford)
1513440000,Dec 16 2017 - 4:00pm,complete,29265,Stoke City,West Ham United,1.05,0.79,0,3,3,1,0,1,"","19,75,86",7,9,2,0,1,0,14,11,2,5,12,6,11,13,49,51,3.05,61,90,66,37,16,35,76,7.79,3.89,2.16,3.34,3.72,1.34,2.05,3.7,7.25,1.83,1.87,Bet365 Stadium (Stoke-on-Trent- Staffordshire)
1513445400,Dec 16 2017 - 5:30pm,complete,54214,Manchester City,Tottenham Hotspur,2.63,1.79,4,1,5,1,1,0,"14,70,80,90","90'3",5,1,2,0,4,0,15,6,8,2,7,4,12,18,52,48,3.40,56,87,69,48,27,42,76,12.68,3.21,1.55,4.53,6.08,1.16,1.51,2.3,3.95,1.61,2.15,Etihad Stadium (Manchester)
1513520100,Dec 17 2017 - 2:15pm,complete,24782,West Bromwich Albion,Manchester United,0.95,1.79,1,2,3,2,0,2,"77","27,35",6,3,1,0,3,0,11,4,6,2,5,2,14,7,52,48,2.61,53,69,50,37,16,37,61,10.64,3.79,6.64,4.19,1.56,0,0,0,0,0,0,The Hawthorns (West Bromwich)
1513528200,Dec 17 2017 - 4:30pm,complete,10780,AFC Bournemouth,Liverpool,1.37,1.68,0,4,4,3,0,3,"","20,26,44,66",2,3,1,0,1,0,5,17,3,7,2,10,4,10,44,56,3.24,61,84,71,40,24,45,76,11.10,3.21,6.24,4.92,1.5,1.17,1.54,2.35,4.15,1.65,2.1,Vitality Stadium (Bournemouth- Dorset)
1513627200,Dec 18 2017 - 8:00pm,complete,37580,Everton,Swansea City,1.79,0.63,3,1,4,2,1,1,"45'2,64,73","35",6,3,2,0,3,0,7,7,4,3,3,4,12,10,50,50,2.45,45,71,42,27,14,29,55,7.15,3.11,1.7,3.71,5.74,1.43,2.35,4.45,9,2.15,1.61,Goodison Park (Liverpool)
1513971900,Dec 22 2017 - 7:45pm,complete,59409,Arsenal,Liverpool,2.47,1.68,3,3,6,1,0,1,"53,56,58","26,52,71",7,8,1,0,0,0,8,16,5,10,3,6,9,11,55,45,3.71,53,90,77,50,40,53,87,12.00,2.89,2.43,3.65,2.9,1.16,1.51,2.3,3.95,1.45,2.5,Emirates Stadium (London)
1514032200,Dec 23 2017 - 12:30pm,complete,39191,Everton,Chelsea,1.79,1.74,0,0,0,0,0,0,"","",2,7,3,0,0,0,3,16,0,10,3,6,8,3,30,70,2.74,50,74,58,35,11,32,61,8.58,2.84,5.6,4,1.66,1.31,1.95,3.45,6.7,1.95,1.74,Goodison Park (Liverpool)
1514041200,Dec 23 2017 - 3:00pm,complete,30473,Brighton & Hove Albion,Watford,1.53,0.74,1,0,1,0,0,0,"64","",6,4,0,0,0,0,11,8,3,3,8,5,8,10,50,50,2.61,45,74,45,32,14,32,64,9.32,3.42,2.61,3.23,2.96,1.38,2.15,4.05,8,1.91,1.8,The American Express Community Stadium (Falmer- East Sussex)
1514041200,Dec 23 2017 - 3:00pm,complete,54270,Manchester City,AFC Bournemouth,2.63,0.95,4,0,4,1,1,0,"27,53,79,85","",4,6,0,0,1,0,6,4,2,0,4,4,7,7,74,26,3.29,56,82,74,45,21,37,76,12.68,2.73,1.12,9.99,9.99,1.06,1.23,1.61,2.35,2.05,1.69,Etihad Stadium (Manchester)
1514041200,Dec 23 2017 - 3:00pm,complete,29675,Southampton,Huddersfield Town,1.00,0.74,1,1,2,1,1,0,"24","64",9,1,2,0,1,0,9,7,7,4,2,3,16,9,48,52,2.40,42,76,37,21,16,27,58,9.90,3.53,1.66,4.53,4.81,1.33,2.05,3.65,7,2,1.69,St. Mary's Stadium (Southampton- Hampshire)
1514041200,Dec 23 2017 - 3:00pm,complete,29057,Stoke City,West Bromwich Albion,1.05,0.68,3,1,4,2,2,0,"19,45'2,90'5","51",1,11,1,0,0,0,5,13,4,7,1,6,9,11,47,53,2.29,48,71,48,16,0,19,61,8.16,3.79,2.1,3.4,3.85,1.43,2.3,4.4,9,2,1.71,Bet365 Stadium (Stoke-on-Trent- Staffordshire)
1514041200,Dec 23 2017 - 3:00pm,complete,20354,Swansea City,Crystal Palace,1.11,0.95,1,1,2,0,0,0,"77","59",6,3,2,0,3,0,6,7,3,4,3,3,11,11,60,40,2.24,40,61,42,24,8,24,61,10.53,3.00,2.62,3.23,2.95,1.43,2.35,4.5,9.25,2,1.71,Liberty Stadium (Swansea)
1514041200,Dec 23 2017 - 3:00pm,complete,56955,West Ham United,Newcastle United,1.42,0.84,2,3,5,2,1,1,"6,69","10,53,61",6,3,1,0,1,0,11,8,5,4,6,4,9,11,60,40,2.58,53,69,47,32,16,34,63,9.31,3.37,2.24,3.41,3.44,1.37,2.15,3.95,7.75,1.91,1.8,London Stadium (London)
1514050200,Dec 23 2017 - 5:30pm,complete,21650,Burnley,Tottenham Hotspur,1.37,1.79,0,3,3,1,0,1,"","7,69,79",4,4,1,0,2,0,7,12,3,6,4,6,9,9,42,58,2.29,48,69,43,16,8,29,61,10.37,3.16,6.21,4.05,1.61,1.32,2,3.55,6.95,2.1,1.65,Turf Moor (Burnley)
1514058300,Dec 23 2017 - 7:45pm,complete,32202,Leicester City,Manchester United,1.42,1.79,2,2,4,2,1,1,"27,90'4","40,60",4,6,3,1,2,0,6,13,4,5,2,8,18,8,52,48,2.53,48,76,45,27,11,34,74,11.21,3.32,4.94,3.78,1.78,1.3,1.95,3.35,6.55,1.87,1.83,King Power Stadium (Leicester- Leicestershire)
1514291400,Dec 26 2017 - 12:30pm,complete,57297,Tottenham Hotspur,Southampton,2.26,0.89,5,2,7,2,2,0,"22,39,49,51,67","64,82",3,8,0,0,2,0,9,11,2,6,7,5,7,15,54,46,2.71,50,71,42,27,19,32,63,12.90,3.11,1.37,5.31,8.75,0,0,0,0,0,0,Wembley Stadium (London)
1514300400,Dec 26 2017 - 3:00pm,complete,10596,AFC Bournemouth,West Ham United,1.37,0.79,3,3,6,2,1,1,"29,57,90'3","7,81,89",7,4,3,0,4,0,15,6,7,3,8,3,12,14,53,47,3.21,63,90,68,43,22,35,74,9.63,3.95,2.43,3.21,3.25,0,0,0,0,0,0,Vitality Stadium (Bournemouth- Dorset)
1514300400,Dec 26 2017 - 3:00pm,complete,41568,Chelsea,Brighton & Hove Albion,1.95,0.58,2,0,2,0,0,0,"46,60","",13,1,0,0,1,0,18,6,8,2,10,4,7,8,61,39,2.24,32,69,34,21,11,32,61,11.63,2.37,1.21,7.74,9.99,0,0,0,0,0,0,Stamford Bridge (London)
1514300400,Dec 26 2017 - 3:00pm,complete,24047,Huddersfield Town,Stoke City,1.21,0.68,1,1,2,1,1,0,"10","60",8,5,2,0,4,0,17,12,8,7,9,5,9,10,61,39,2.48,48,69,45,21,14,32,66,8.32,3.26,2.74,2.96,3.05,1.44,2.35,4.55,9.25,2,1.71,The John Smith's Stadium (Huddersfield- West Yorkshire)
1514300400,Dec 26 2017 - 3:00pm,complete,75046,Manchester United,Burnley,2.47,1.47,2,2,4,2,0,2,"53,90'1","3,36",12,2,3,0,7,0,10,0,6,0,4,0,10,14,71,29,2.34,40,66,48,21,8,32,63,10.00,3.53,1.21,6.8,9.99,1.23,1.71,2.8,5.2,2.5,1.45,Old Trafford (Manchester)
1514300400,Dec 26 2017 - 3:00pm,complete,20308,Watford,Leicester City,1.42,1.05,2,1,3,2,1,1,"45,65","37",8,8,3,0,3,0,8,6,3,5,5,1,7,13,48,52,3.34,69,82,66,40,32,55,74,9.84,4.26,2.42,3.43,3.07,1.27,1.83,3.15,6,1.69,2.05,Vicarage Road Stadium (Watford)
1514300400,Dec 26 2017 - 3:00pm,complete,25364,West Bromwich Albion,Everton,0.95,0.79,0,0,0,0,0,0,"","",10,2,2,0,0,0,27,8,12,6,15,2,14,14,50,50,2.69,61,79,50,35,14,29,69,8.95,3.26,2.58,2.9,3.35,1.48,2.45,4.8,10,2.05,1.67,The Hawthorns (West Bromwich)
1514309400,Dec 26 2017 - 5:30pm,complete,52850,Liverpool,Swansea City,2.26,0.63,5,0,5,1,1,0,"6,52,65,66,82","",4,2,0,0,1,0,15,6,8,5,7,1,5,8,58,42,2.58,40,74,48,29,19,29,66,9.94,2.48,1.16,8.75,9.99,1.11,1.4,2,3.25,2,1.71,Anfield (Liverpool)
1514403900,Dec 27 2017 - 7:45pm,complete,52311,Newcastle United,Manchester City,1.47,2.63,0,1,1,1,0,1,"","31",3,8,1,0,0,0,5,16,3,7,2,9,9,4,27,73,2.53,40,69,48,21,13,40,69,12.05,3.26,9.99,5.88,1.27,1.13,1.43,2.1,3.5,1.87,1.83,St. James' Park (Newcastle upon Tyne)
1514491200,Dec 28 2017 - 8:00pm,complete,25762,Crystal Palace,Arsenal,1.37,0.84,2,3,5,1,0,1,"49,89","25,62,66",5,4,1,0,1,0,10,9,0,6,10,3,12,7,43,57,2.82,61,74,61,35,16,32,71,10.42,3.84,5.22,3.86,1.72,1.19,1.62,2.55,4.55,1.61,2.15,Selhurst Park (London)
1514646000,Dec 30 2017 - 3:00pm,complete,10497,AFC Bournemouth,Everton,1.37,0.79,2,1,3,1,1,0,"33,88","57",4,4,0,0,0,0,13,4,6,0,7,4,7,12,48,52,2.85,61,84,58,32,11,29,71,9.68,3.16,2.65,3.2,2.94,1.35,2.1,3.8,7.5,1.8,1.91,Vitality Stadium (Bournemouth- Dorset)
1514646000,Dec 30 2017 - 3:00pm,complete,41433,Chelsea,Stoke City,1.95,0.68,5,0,5,3,3,0,"3,9,23,73,88","",7,0,1,0,1,0,19,2,10,2,9,0,5,8,59,41,2.61,48,69,48,24,16,32,61,10.74,3.05,1.22,7,9.99,1.12,1.41,2,3.3,2.2,1.59,Stamford Bridge (London)
1514646000,Dec 30 2017 - 3:00pm,complete,24095,Huddersfield Town,Burnley,1.21,1.47,0,0,0,0,0,0,"","",5,4,2,0,1,0,4,11,2,4,2,7,14,13,57,43,2.19,42,63,40,19,11,29,63,9.21,3.58,2.68,3.02,3.07,0,0,0,0,0,0,The John Smith's Stadium (Huddersfield- West Yorkshire)
1514646000,Dec 30 2017 - 3:00pm,complete,53226,Liverpool,Leicester City,2.26,1.05,2,1,3,1,0,1,"52,76","3",7,1,3,0,2,0,11,4,5,3,6,1,7,4,60,40,3.26,56,84,63,40,29,48,71,11.84,2.84,1.35,5.68,8.64,1.11,1.4,2,3.25,1.69,2.05,Anfield (Liverpool)
1514646000,Dec 30 2017 - 3:00pm,complete,52209,Newcastle United,Brighton & Hove Albion,1.47,0.58,0,0,0,0,0,0,"","",3,6,2,0,2,0,9,8,4,5,5,3,11,10,44,56,2.03,29,66,32,11,5,26,61,8.21,2.42,2.1,3.22,4.1,1.47,2.4,4.7,9.75,2.1,1.65,St. James' Park (Newcastle upon Tyne)
1514646000,Dec 30 2017 - 3:00pm,complete,20002,Watford,Swansea City,1.42,0.63,1,2,3,1,1,0,"11","86,90",1,8,4,0,2,0,7,5,3,2,4,3,14,13,46,54,2.66,53,71,50,29,21,37,69,7.94,3.90,1.75,3.67,5.4,0,0,0,0,0,0,Vicarage Road Stadium (Watford)
1514655000,Dec 30 2017 - 5:30pm,complete,75051,Manchester United,Southampton,2.47,0.89,0,0,0,0,0,0,"","",10,7,2,0,4,0,9,7,4,3,5,4,12,13,50,50,2.47,43,68,50,24,11,40,66,11.53,3.53,1.38,5.14,8.91,1.23,1.74,2.85,5.3,2.05,1.69,Old Trafford (Manchester)
1514721600,Dec 31 2017 - 12:00pm,complete,25804,Crystal Palace,Manchester City,1.37,2.63,0,0,0,0,0,0,"","",7,8,5,0,4,0,8,11,3,6,5,5,12,11,32,68,3.00,53,79,61,37,21,45,79,13.21,3.89,9.99,6.95,1.25,0,0,0,0,0,0,Selhurst Park (London)
1514737800,Dec 31 2017 - 4:30pm,complete,26223,West Bromwich Albion,Arsenal,0.95,0.84,1,1,2,0,0,0,"89","83",5,6,3,0,3,0,7,10,3,5,4,5,14,8,38,62,2.66,63,71,56,35,14,29,61,10.21,3.63,5.65,4.22,1.62,0,0,0,0,0,0,The Hawthorns (West Bromwich)
1514809800,Jan 1 2018 - 12:30pm,complete,30152,Brighton & Hove Albion,AFC Bournemouth,1.53,0.95,2,2,4,2,1,1,"5,48","33,79",5,12,2,0,1,0,8,12,4,8,4,4,13,9,45,55,2.61,56,74,53,32,8,37,61,10.16,3.31,2.43,3.1,3.37,1.43,2.35,4.5,9.25,2,1.71,The American Express Community Stadium (Falmer- East Sussex)
1514818800,Jan 1 2018 - 3:00pm,complete,21756,Burnley,Liverpool,1.37,1.68,1,2,3,0,0,0,"87","61,90'4",3,9,0,0,0,0,7,13,4,4,3,9,3,12,47,53,2.64,50,69,53,24,19,35,71,10.00,2.89,5.7,4.16,1.63,1.25,1.8,3,5.65,1.95,1.77,Turf Moor (Burnley)
1514818800,Jan 1 2018 - 3:00pm,complete,31748,Leicester City,Huddersfield Town,1.42,0.74,3,0,3,0,0,0,"53,60,90'2","",4,1,1,0,1,0,6,5,3,2,3,3,7,9,47,53,2.42,40,87,40,16,8,24,63,9.21,3.37,1.63,3.97,6.1,1.32,2,3.55,6.95,1.95,1.74,King Power Stadium (Leicester- Leicestershire)
1514818800,Jan 1 2018 - 3:00pm,complete,28471,Stoke City,Newcastle United,1.05,0.84,0,1,1,0,0,0,"","73",10,5,3,0,1,0,8,9,6,7,2,2,10,11,53,47,2.58,56,71,55,29,6,29,66,8.63,3.21,2.32,3.25,3.42,1.35,2.05,3.75,7.5,1.87,1.83,Bet365 Stadium (Stoke-on-Trent- Staffordshire)
1514827800,Jan 1 2018 - 5:30pm,complete,39188,Everton,Manchester United,1.79,1.79,0,2,2,0,0,0,"","57,81",6,6,2,0,0,0,5,13,0,4,5,9,11,10,38,62,2.61,45,69,47,35,14,37,55,9.58,3.53,6.21,4.02,1.61,1.42,2.25,4.35,8.75,2.15,1.61,Goodison Park (Liverpool)
1514922300,Jan 2 2018 - 7:45pm,complete,28411,Southampton,Crystal Palace,1.00,0.95,1,2,3,1,1,0,"17","69,80",4,7,0,0,1,0,11,7,4,5,7,2,8,11,54,46,2.37,50,66,42,26,16,29,64,12.11,3.27,1.9,3.65,4.55,1.35,2.1,3.8,7.5,1.87,1.8,St. Mary's Stadium (Southampton- Hampshire)
1514922300,Jan 2 2018 - 7:45pm,complete,20615,Swansea City,Tottenham Hotspur,1.11,1.79,0,2,2,1,0,1,"","12,89",6,5,2,0,2,0,9,10,4,4,5,6,12,9,41,59,2.50,45,71,45,27,11,34,68,10.42,3.00,9.25,4.92,1.39,1.24,1.77,2.95,5.5,2.1,1.65,Liberty Stadium (Swansea)
1514922300,Jan 2 2018 - 7:45pm,complete,56888,West Ham United,West Bromwich Albion,1.42,0.68,2,1,3,1,0,1,"59,90'4","30",3,4,3,0,2,0,10,10,4,3,6,7,12,12,55,45,2.29,45,69,40,19,11,24,58,8.84,3.95,1.9,3.41,4.75,1.53,2.65,5.3,11.25,2.2,1.59,London Stadium (London)
1514923200,Jan 2 2018 - 8:00pm,complete,53556,Manchester City,Watford,2.63,0.74,3,1,4,2,2,0,"1,13,63","82",9,1,1,0,1,0,14,6,5,4,9,2,8,13,74,26,3.29,45,82,66,45,27,32,79,11.84,2.84,1.13,9.99,9.99,1.1,1.36,1.91,3.05,1.91,1.8,Etihad Stadium (Manchester)
1515008700,Jan 3 2018 - 7:45pm,complete,59379,Arsenal,Chelsea,2.47,1.74,2,2,4,0,0,0,"63,90'2","67,84",10,8,3,0,2,0,6,15,4,6,2,9,10,11,54,46,3.37,50,85,74,45,27,40,79,11.27,2.68,2.45,3.66,2.87,1.24,1.77,2.95,5.5,1.53,2.3,Emirates Stadium (London)
1515096000,Jan 4 2018 - 8:00pm,complete,50034,Tottenham Hotspur,West Ham United,2.26,0.79,1,1,2,0,0,0,"84","70",7,1,0,0,2,0,21,3,12,2,9,1,9,6,74,26,3.21,55,85,53,43,27,32,74,11.11,3.32,1.3,6.01,9.99,1.17,1.56,2.4,4.2,1.83,1.87,Wembley Stadium (London)
1515855600,Jan 13 2018 - 3:00pm,complete,41552,Chelsea,Leicester City,1.95,1.05,0,0,0,0,0,0,"","",6,3,2,0,3,1,13,12,9,3,4,9,13,13,51,49,3.03,56,76,55,34,27,50,66,12.58,3.26,1.25,6.82,9.99,1.17,1.56,2.4,4.25,1.87,1.83,Stamford Bridge (London)
1515855600,Jan 13 2018 - 3:00pm,complete,24696,Crystal Palace,Burnley,1.37,1.47,1,0,1,1,1,0,"21","",3,2,0,0,3,0,10,7,3,3,7,4,16,10,45,55,2.58,53,71,53,27,16,29,69,9.37,4.05,2,3.14,4.71,1.43,2.35,4.45,9,2.05,1.69,Selhurst Park (London)
1515855600,Jan 13 2018 - 3:00pm,complete,24105,Huddersfield Town,West Ham United,1.21,0.79,1,4,5,2,1,1,"40","25,46,56,61",7,3,1,0,1,0,7,6,3,2,4,4,7,9,61,39,2.82,50,79,53,37,22,37,76,8.95,3.79,2.77,2.96,3.12,1.5,2.5,5,10.5,2.1,1.65,The John Smith's Stadium (Huddersfield- West Yorkshire)
1515855600,Jan 13 2018 - 3:00pm,complete,51444,Newcastle United,Swansea City,1.47,0.63,1,1,2,0,0,0,"68","60",4,5,0,0,3,0,11,7,5,5,6,2,10,10,45,55,2.13,37,63,37,13,11,26,61,7.26,2.95,1.95,3.19,4.88,0,0,0,0,0,0,St. James' Park (Newcastle upon Tyne)
1515855600,Jan 13 2018 - 3:00pm,complete,20018,Watford,Southampton,1.42,0.89,2,2,4,2,0,2,"58,90","20,44",5,4,0,0,5,0,10,9,2,6,8,3,11,13,61,39,2.76,58,71,55,29,21,42,69,10.42,4.37,2.53,3.36,2.96,1.31,1.95,3.45,6.7,1.77,1.95,Vicarage Road Stadium (Watford)
1515855600,Jan 13 2018 - 3:00pm,complete,25240,West Bromwich Albion,Brighton & Hove Albion,0.95,0.58,2,0,2,1,1,0,"4,55","",9,6,0,0,0,0,17,17,10,10,7,7,8,14,53,47,2.34,45,74,40,27,11,29,61,9.16,2.84,2.16,2.82,4.7,0,0,0,0,0,0,The Hawthorns (West Bromwich)
1515864600,Jan 13 2018 - 5:30pm,complete,76251,Tottenham Hotspur,Everton,2.26,0.79,4,0,4,1,1,0,"26,47,59,81","",3,3,0,0,2,0,13,5,9,0,4,5,12,14,61,39,2.85,53,79,42,32,16,26,71,11.16,2.53,1.24,7.48,9.99,1.22,1.69,2.75,5.05,2.2,1.59,Wembley Stadium (London)
1515936600,Jan 14 2018 - 1:30pm,complete,10836,AFC Bournemouth,Arsenal,1.37,0.84,2,1,3,0,0,0,"70,74","52",4,5,2,0,2,0,10,10,5,4,5,6,7,10,44,56,2.82,63,76,63,32,11,29,63,10.94,3.53,6.32,4.18,1.56,1.15,1.5,2.25,3.9,1.51,2.35,Vitality Stadium (Bournemouth- Dorset)
1515945600,Jan 14 2018 - 4:00pm,complete,53285,Liverpool,Manchester City,2.26,2.63,4,3,7,2,1,1,"9,59,61,68","40,84,90'1",5,6,2,0,3,0,9,4,6,2,3,2,10,7,43,57,2.97,42,79,58,37,21,43,74,14.73,2.79,2.77,3.61,2.55,1.14,1.48,2.2,3.7,1.43,2.6,Anfield (Liverpool)
1516046400,Jan 15 2018 - 8:00pm,complete,74726,Manchester United,Stoke City,2.47,0.68,3,0,3,2,2,0,"9,38,72","",6,1,2,0,1,0,13,10,7,5,6,5,14,10,60,40,2.63,45,71,53,24,11,34,66,9.11,3.21,1.21,7.66,9.99,0,0,0,0,0,0,Old Trafford (Manchester)
1516460400,Jan 20 2018 - 3:00pm,complete,59386,Arsenal,Crystal Palace,2.47,0.95,4,1,5,4,4,0,"6,10,13,22","78",5,10,0,0,0,0,11,8,9,5,2,3,6,8,58,42,3.11,45,79,63,40,27,37,69,12.48,3.16,1.34,5.62,9.36,1.18,1.57,2.45,4.3,1.69,2.05,Emirates Stadium (London)
1516460400,Jan 20 2018 - 3:00pm,complete,30600,Brighton & Hove Albion,Chelsea,1.53,1.74,0,4,4,2,0,2,"","3,6,77,89",5,3,3,0,0,0,9,8,4,6,5,2,12,5,43,57,2.71,56,74,55,37,11,35,64,9.06,3.31,9.82,4.67,1.4,0,0,0,0,0,0,The American Express Community Stadium (Falmer- East Sussex)
1516460400,Jan 20 2018 - 3:00pm,complete,21841,Burnley,Manchester United,1.37,1.79,0,1,1,0,0,0,"","54",5,4,3,0,3,0,11,8,4,2,7,6,6,11,48,52,2.16,42,58,40,19,8,27,58,10.27,3.37,6.84,3.98,1.58,1.39,2.2,4.1,8.25,2.25,1.57,Turf Moor (Burnley)
1516460400,Jan 20 2018 - 3:00pm,complete,39061,Everton,West Bromwich Albion,1.79,0.68,1,1,2,1,0,1,"70","7",0,3,2,0,1,0,4,15,4,6,0,9,15,10,53,47,2.29,42,66,40,22,6,19,50,8.21,3.69,2.11,3.17,4.14,1.5,2.5,5,10.5,2.1,1.62,Goodison Park (Liverpool)
1516460400,Jan 20 2018 - 3:00pm,complete,31891,Leicester City,Watford,1.42,0.74,2,0,2,1,1,0,"39,90'1","",4,5,0,0,0,0,8,10,6,6,2,4,11,9,53,47,2.55,43,82,45,21,11,26,79,10.47,2.74,1.99,3.66,3.92,1.24,1.74,2.9,5.4,1.69,2,King Power Stadium (Leicester- Leicestershire)
1516460400,Jan 20 2018 - 3:00pm,complete,54452,Manchester City,Newcastle United,2.63,0.84,3,1,4,1,1,0,"34,63,83","67",18,0,0,0,1,0,16,5,7,4,9,1,4,8,71,29,3.24,56,74,66,50,24,32,74,11.68,3.00,1.1,9.99,9.99,0,0,0,0,0,0,Etihad Stadium (Manchester)
1516460400,Jan 20 2018 - 3:00pm,complete,31361,Southampton,Tottenham Hotspur,1.00,1.79,1,1,2,2,1,1,"15","18",2,9,2,0,3,0,9,7,5,2,4,5,8,15,41,59,2.63,56,76,45,29,19,40,71,12.00,3.27,5.47,3.94,1.68,0,0,0,0,0,0,St. Mary's Stadium (Southampton- Hampshire)
1516460400,Jan 20 2018 - 3:00pm,complete,29785,Stoke City,Huddersfield Town,1.05,0.74,2,0,2,0,0,0,"53,69","",3,2,1,0,1,0,8,6,4,4,4,2,19,12,48,52,2.50,42,84,50,19,6,27,55,7.53,3.68,1.97,3.35,4.46,1.41,2.25,4.25,8.5,2,1.71,Bet365 Stadium (Stoke-on-Trent- Staffordshire)
1516460400,Jan 20 2018 - 3:00pm,complete,20886,Swansea City,Liverpool,1.11,1.68,1,0,1,1,1,0,"40","",3,9,0,0,2,0,6,24,4,13,2,11,5,9,31,69,2.85,48,71,56,34,21,40,79,10.05,2.73,0,0,0,0,0,0,0,0,0,Liberty Stadium (Swansea)
1516460400,Jan 20 2018 - 3:00pm,complete,56948,West Ham United,AFC Bournemouth,1.42,0.95,1,1,2,0,0,0,"73","71",6,3,3,0,1,0,10,6,4,3,6,3,8,6,54,46,2.63,53,77,55,26,13,40,66,10.31,3.10,2.03,3.44,4.04,1.29,1.91,3.3,6.45,1.77,1.95,London Stadium (London)
1517341500,Jan 30 2018 - 7:45pm,complete,24121,Huddersfield Town,Liverpool,1.21,1.68,0,3,3,2,0,2,"","26,45'1,78",1,4,0,0,0,0,5,8,2,5,3,3,6,9,30,70,2.85,48,74,56,34,24,48,79,10.42,3.05,9.99,5.49,1.33,0,0,0,0,0,0,The John Smith's Stadium (Huddersfield- West Yorkshire)
1517341500,Jan 30 2018 - 7:45pm,complete,20819,Swansea City,Arsenal,1.11,0.84,3,1,4,2,1,1,"34,61,86","33",4,3,0,0,3,0,8,7,3,5,5,2,4,8,32,68,2.42,50,63,48,27,8,24,66,9.89,3.05,6.38,4.12,1.58,1.25,1.77,2.95,5.6,1.83,1.87,Liberty Stadium (Swansea)
1517341500,Jan 30 2018 - 7:45pm,complete,56911,West Ham United,Crystal Palace,1.42,0.95,1,1,2,2,1,1,"43","24",5,3,1,0,3,0,7,9,3,3,4,6,11,14,46,54,2.48,48,71,47,26,16,34,58,10.42,3.58,2.39,3.12,3.43,0,0,0,0,0,0,London Stadium (London)
1517427900,Jan 31 2018 - 7:45pm,complete,41464,Chelsea,AFC Bournemouth,1.95,0.95,0,3,3,0,0,0,"","51,64,67",8,5,1,0,0,0,17,6,8,4,9,2,5,12,61,39,2.53,45,69,53,26,11,37,63,13.21,2.63,1.22,7.1,9.99,1.14,1.49,2.2,3.8,2.05,1.69,Stamford Bridge (London)
1517427900,Jan 31 2018 - 7:45pm,complete,38390,Everton,Leicester City,1.79,1.05,2,1,3,2,2,0,"25,39","71",5,5,0,0,2,0,9,3,3,2,6,1,8,10,45,55,3.13,61,82,58,37,24,48,61,9.05,3.47,2.57,3.16,3.09,0,0,0,0,0,0,Goodison Park (Liverpool)
1517427900,Jan 31 2018 - 7:45pm,complete,50174,Newcastle United,Burnley,1.47,1.47,1,1,2,0,0,0,"65","85",7,4,1,0,2,0,15,8,6,5,9,3,15,14,53,47,2.11,40,61,40,11,8,24,58,8.21,3.42,2.38,3.02,3.59,1.48,2.45,4.8,10,2.05,1.67,St. James' Park (Newcastle upon Tyne)
1517427900,Jan 31 2018 - 7:45pm,complete,30034,Southampton,Brighton & Hove Albion,1.00,0.58,1,1,2,1,0,1,"64","14",7,2,3,0,1,0,10,5,3,2,7,3,7,10,63,37,2.24,42,71,32,21,13,29,69,10.42,2.53,1.77,3.41,5.85,0,0,0,0,0,0,St. Mary's Stadium (Southampton- Hampshire)
1517428800,Jan 31 2018 - 8:00pm,complete,53241,Manchester City,West Bromwich Albion,2.63,0.68,3,0,3,1,1,0,"19,68,89","",9,1,1,0,3,0,15,3,9,2,6,1,9,10,76,24,2.95,48,74,58,37,19,21,69,11.21,3.58,1.14,9.73,9.99,1.1,1.36,1.91,3.05,2.15,1.61,Etihad Stadium (Manchester)
1517428800,Jan 31 2018 - 8:00pm,complete,27458,Stoke City,Watford,1.05,0.74,0,0,0,0,0,0,"","",2,6,4,0,3,0,10,9,7,6,3,3,11,11,45,55,2.63,45,79,55,24,8,29,71,8.79,3.05,2.34,3.42,3.22,0,0,0,0,0,0,Bet365 Stadium (Stoke-on-Trent- Staffordshire)
1517428800,Jan 31 2018 - 8:00pm,complete,81978,Tottenham Hotspur,Manchester United,2.26,1.79,2,0,2,2,2,0,"1,28","",6,3,2,0,2,0,17,6,6,4,11,2,10,13,57,43,2.77,45,69,42,35,19,34,63,12.85,3.06,2.2,3.28,3.7,1.36,2.1,3.9,7.75,1.87,1.8,Wembley Stadium (London)
1517661000,Feb 3 2018 - 12:30pm,complete,21658,Burnley,Manchester City,1.37,2.63,1,1,2,1,0,1,"82","22",3,13,4,0,1,0,5,18,2,8,3,10,9,6,38,62,2.40,45,66,45,19,11,32,66,12.63,3.26,9.99,6.04,1.27,0,0,0,0,0,0,Turf Moor (Burnley)
1517670000,Feb 3 2018 - 3:00pm,complete,10614,AFC Bournemouth,Stoke City,1.37,0.68,2,1,3,1,0,1,"70,79","5",8,1,2,0,3,0,10,8,5,4,5,4,14,16,53,47,2.87,61,79,61,27,14,29,63,9.00,3.42,2.11,3.53,3.68,0,0,0,0,0,0,Vitality Stadium (Bournemouth- Dorset)
1517670000,Feb 3 2018 - 3:00pm,complete,30589,Brighton & Hove Albion,West Ham United,1.53,0.79,3,1,4,2,1,1,"8,59,75","30",4,1,3,0,1,0,13,4,3,2,10,2,10,8,55,45,3.03,61,85,55,45,22,37,69,8.32,4.26,2.65,3.1,3.03,0,0,0,0,0,0,The American Express Community Stadium (Falmer- East Sussex)
1517670000,Feb 3 2018 - 3:00pm,complete,31179,Leicester City,Swansea City,1.42,0.63,1,1,2,1,1,0,"17","53",3,3,1,0,0,0,11,4,5,2,6,2,10,8,61,39,2.37,48,79,40,19,11,26,74,8.78,2.90,1.63,3.82,6.39,0,0,0,0,0,0,King Power Stadium (Leicester- Leicestershire)
1517670000,Feb 3 2018 - 3:00pm,complete,74742,Manchester United,Huddersfield Town,2.47,0.74,2,0,2,0,0,0,"55,68","",5,2,2,0,4,0,10,0,6,0,4,0,5,18,70,30,2.42,29,76,45,21,8,32,55,9.48,3.53,1.17,7.67,9.99,0,0,0,0,0,0,Old Trafford (Manchester)
1517670000,Feb 3 2018 - 3:00pm,complete,25911,West Bromwich Albion,Southampton,0.95,0.89,2,3,5,3,1,2,"4,72","40,43,55",5,7,2,0,1,0,9,10,3,4,6,6,10,11,42,58,2.55,58,71,50,29,16,35,61,10.69,3.84,2.86,3.1,2.79,0,0,0,0,0,0,The Hawthorns (West Bromwich)
1517679000,Feb 3 2018 - 5:30pm,complete,59306,Arsenal,Everton,2.47,0.79,5,1,6,4,4,0,"6,14,19,37,74","64",4,6,2,0,0,0,7,7,4,4,3,3,8,8,47,53,3.32,53,90,63,43,27,37,82,10.58,2.84,1.31,5.61,9.99,0,0,0,0,0,0,Emirates Stadium (London)
1517753700,Feb 4 2018 - 2:15pm,complete,25746,Crystal Palace,Newcastle United,1.37,0.84,1,1,2,1,0,1,"55","22",5,6,1,0,1,0,19,9,8,8,11,1,11,7,60,40,2.74,56,69,55,37,16,32,71,9.95,3.58,2.02,3.33,4.26,1.34,2.05,3.7,7.25,1.87,1.83,Selhurst Park (London)
1517761800,Feb 4 2018 - 4:30pm,complete,53213,Liverpool,Tottenham Hotspur,2.26,1.79,2,2,4,1,1,0,"3,90'1","80,90'5",3,7,3,0,1,0,6,7,2,5,4,2,13,9,35,65,2.87,45,82,56,35,19,40,68,12.47,2.69,2.02,3.71,3.75,1.18,1.59,2.45,4.4,1.53,2.3,Anfield (Liverpool)
1517860800,Feb 5 2018 - 8:00pm,complete,20157,Watford,Chelsea,1.42,1.74,4,1,5,1,1,0,"42,84,88,90'1","82",6,2,2,0,3,1,18,5,8,3,10,2,11,7,49,51,2.95,58,74,66,37,19,40,74,9.37,3.63,7.13,4.5,1.5,1.27,1.87,3.2,6.1,1.87,1.8,Vicarage Road Stadium (Watford)
1518265800,Feb 10 2018 - 12:30pm,complete,83222,Tottenham Hotspur,Arsenal,2.26,0.84,1,0,1,0,0,0,"49","",10,2,2,0,1,0,16,5,9,2,7,3,14,8,53,47,2.82,55,71,48,32,16,26,63,12.42,2.90,2.04,3.67,3.74,1.15,1.5,2.25,3.9,1.47,2.5,Wembley Stadium (London)
1518274800,Feb 10 2018 - 3:00pm,complete,39139,Everton,Crystal Palace,1.79,0.95,3,1,4,0,0,0,"46,51,75","83",8,7,1,0,1,0,4,10,3,4,1,6,13,14,50,50,2.48,45,69,47,29,11,29,50,9.79,3.32,2.46,3.16,3.26,1.43,2.3,4.4,9,1.95,1.74,Goodison Park (Liverpool)
1518274800,Feb 10 2018 - 3:00pm,complete,29876,Stoke City,Brighton & Hove Albion,1.05,0.58,1,1,2,1,0,1,"68","32",7,4,0,0,0,0,9,9,3,6,6,3,6,9,61,39,2.34,42,79,45,19,3,29,66,8.05,2.68,2.11,3.23,4.06,1.42,2.25,4.35,8.75,1.95,1.74,Bet365 Stadium (Stoke-on-Trent- Staffordshire)
1518274800,Feb 10 2018 - 3:00pm,complete,20179,Swansea City,Burnley,1.11,1.47,1,0,1,0,0,0,"81","",5,2,2,0,1,0,12,15,6,7,6,8,10,9,54,46,2.19,42,61,40,19,8,21,63,8.84,3.26,2.53,3.02,3.29,1.56,2.7,5.55,11.75,2.2,1.57,Liberty Stadium (Swansea)
1518274800,Feb 10 2018 - 3:00pm,complete,56197,West Ham United,Watford,1.42,0.74,2,0,2,1,1,0,"38,78","",8,7,1,0,1,0,5,10,3,5,2,5,10,8,38,62,2.63,43,77,47,26,19,34,69,9.47,3.21,2.3,3.35,3.37,1.33,2,3.65,7,1.8,1.91,London Stadium (London)
1518283800,Feb 10 2018 - 5:30pm,complete,54416,Manchester City,Leicester City,2.63,1.05,5,1,6,2,1,1,"3,48,53,77,90","24",8,2,2,0,3,0,14,2,8,2,6,0,9,12,72,28,3.79,66,89,76,53,37,50,79,12.05,3.36,1.2,7.54,9.99,1.11,1.39,2,3.2,1.87,1.83,Etihad Stadium (Manchester)
1518350400,Feb 11 2018 - 12:00pm,complete,23823,Huddersfield Town,AFC Bournemouth,1.21,0.95,4,1,5,3,2,1,"7,27,66,90'5","13",2,6,0,0,3,0,7,3,2,2,5,1,11,11,53,47,2.40,45,69,50,24,8,37,68,10.79,2.84,2.97,3.17,2.65,1.41,2.25,4.25,8.5,1.95,1.77,The John Smith's Stadium (Huddersfield- West Yorkshire)
1518358500,Feb 11 2018 - 2:15pm,complete,52309,Newcastle United,Manchester United,1.47,1.79,1,0,1,0,0,0,"65","",0,10,0,0,2,0,8,13,5,12,3,1,13,12,43,57,2.29,37,61,42,21,11,34,61,9.69,3.37,7.44,4.17,1.52,1.32,2,3.55,6.95,2,1.71,St. James' Park (Newcastle upon Tyne)
1518366600,Feb 11 2018 - 4:30pm,complete,31915,Southampton,Liverpool,1.00,1.68,0,2,2,2,0,2,"","6,42",3,1,1,0,2,0,6,12,4,3,2,9,5,7,52,48,2.98,58,76,56,37,29,45,82,11.63,3.00,4.85,3.94,1.75,1.21,1.67,2.7,4.9,1.65,2.1,St. Mary's Stadium (Southampton- Hampshire)
1518465600,Feb 12 2018 - 8:00pm,complete,41071,Chelsea,West Bromwich Albion,1.95,0.68,3,0,3,1,1,0,"25,63,71","",8,7,0,0,2,0,14,9,8,2,6,7,11,11,51,49,2.19,37,61,37,19,8,21,56,11.74,3.48,1.26,6,9.99,1.22,1.71,2.8,5.15,2,1.71,Stamford Bridge (London)
1519475400,Feb 24 2018 - 12:30pm,complete,31769,Leicester City,Stoke City,1.42,0.68,1,1,2,1,0,1,"70","43",13,1,1,0,3,0,14,4,9,2,5,2,10,17,56,44,2.63,56,82,48,19,11,26,74,8.84,3.05,1.78,3.76,4.98,1.28,1.87,3.2,6.2,1.83,1.83,King Power Stadium (Leicester- Leicestershire)
1519484400,Feb 24 2018 - 3:00pm,complete,10808,AFC Bournemouth,Newcastle United,1.37,0.84,2,2,4,2,0,2,"80,89","17,45'1",8,1,1,0,4,0,15,9,5,2,10,7,12,10,59,41,2.74,58,71,58,35,11,29,63,10.47,3.27,2.1,3.4,3.84,1.31,1.95,3.5,6.8,1.8,1.91,Vitality Stadium (Bournemouth- Dorset)
1519484400,Feb 24 2018 - 3:00pm,complete,30523,Brighton & Hove Albion,Swansea City,1.53,0.63,4,1,5,1,1,0,"18,69,73,90","85",3,5,1,0,0,0,10,6,4,3,6,3,17,3,46,54,2.42,50,71,40,29,14,32,58,7.63,3.58,2.2,3.09,3.97,1.51,2.55,5.1,10.75,2.15,1.61,The American Express Community Stadium (Falmer- East Sussex)
1519484400,Feb 24 2018 - 3:00pm,complete,20982,Burnley,Southampton,1.37,0.89,1,1,2,0,0,0,"67","90",7,5,1,0,0,0,5,9,2,6,3,3,7,14,55,45,2.11,48,61,40,11,8,24,58,10.32,3.42,2.78,3.05,2.92,1.5,2.5,5,10.5,2.1,1.65,Turf Moor (Burnley)
1519484400,Feb 24 2018 - 3:00pm,complete,53256,Liverpool,West Ham United,2.26,0.79,4,1,5,1,1,0,"29,51,57,77","59",8,2,0,0,2,0,16,5,10,3,6,2,7,7,66,34,3.18,50,87,63,45,27,35,76,10.63,3.16,1.22,7.33,9.99,1.13,1.43,2.1,3.45,1.95,1.77,Anfield (Liverpool)
1519484400,Feb 24 2018 - 3:00pm,complete,25920,West Bromwich Albion,Huddersfield Town,0.95,0.74,1,2,3,0,0,0,"64","48,56",6,3,1,0,1,0,9,11,3,7,6,4,11,9,52,48,2.50,45,79,45,27,14,27,50,8.64,3.84,2.02,3.2,4.5,1.5,2.5,5,10.5,2.2,1.59,The Hawthorns (West Bromwich)
1519493400,Feb 24 2018 - 5:30pm,complete,20430,Watford,Everton,1.42,0.79,1,0,1,0,0,0,"79","",6,5,3,0,1,0,10,7,5,4,5,3,9,9,59,41,2.90,61,79,55,35,19,37,77,8.68,3.79,2.39,3.23,3.31,1.33,2,3.65,7,1.83,1.87,Vicarage Road Stadium (Watford)
1519560000,Feb 25 2018 - 12:00pm,complete,25287,Crystal Palace,Tottenham Hotspur,1.37,1.79,0,1,1,0,0,0,"","88",3,13,0,0,1,0,5,13,4,7,1,6,10,5,28,72,2.90,56,82,58,35,19,42,74,10.95,3.79,4.76,4.05,1.75,1.23,1.71,2.8,5.2,1.87,1.83,Selhurst Park (London)
1519567500,Feb 25 2018 - 2:05pm,complete,75060,Manchester United,Chelsea,2.47,1.74,2,1,3,2,1,1,"39,75","32",3,4,2,0,2,0,4,9,3,6,1,3,13,13,48,52,2.66,43,71,61,32,8,37,71,10.48,2.79,2.17,3.3,3.75,1.35,2.1,3.8,7.5,1.87,1.83,Old Trafford (Manchester)
1519933500,Mar 1 2018 - 7:45pm,complete,58420,Arsenal,Manchester City,2.47,2.63,0,3,3,3,0,3,"","15,28,33",6,1,1,0,1,0,9,5,6,4,3,1,11,10,52,48,3.47,47,87,69,45,32,50,82,14.63,3.26,3.39,3.38,1.96,1.14,1.49,2.2,3.8,1.54,2.3,Emirates Stadium (London)
1520080200,Mar 3 2018 - 12:30pm,complete,20802,Burnley,Everton,1.37,0.79,2,1,3,1,0,1,"56,80","20",10,4,1,0,1,1,14,10,9,4,5,6,9,11,56,44,2.24,50,69,40,16,6,19,66,8.58,2.84,2.73,3.05,2.98,1.49,2.5,4.85,10.25,2.1,1.67,Turf Moor (Burnley)
1520089200,Mar 3 2018 - 3:00pm,complete,31384,Leicester City,AFC Bournemouth,1.42,0.95,1,1,2,1,0,1,"90'7","35",13,1,2,0,1,0,13,8,6,3,7,5,10,7,53,47,2.55,53,82,53,21,5,32,76,11.31,2.63,1.96,3.69,4.01,1.23,1.74,2.85,5.3,1.69,2.05,King Power Stadium (Leicester- Leicestershire)
1520089200,Mar 3 2018 - 3:00pm,complete,30335,Southampton,Stoke City,1.00,0.68,0,0,0,0,0,0,"","",15,4,0,0,1,0,15,12,9,4,6,8,8,12,65,35,2.61,58,71,45,24,19,29,69,9.53,3.21,1.78,3.72,5.05,1.31,1.95,3.45,6.65,1.87,1.8,St. Mary's Stadium (Southampton- Hampshire)
1520089200,Mar 3 2018 - 3:00pm,complete,20829,Swansea City,West Ham United,1.11,0.79,4,1,5,2,2,0,"8,32,48,63","78",4,5,0,0,3,0,8,5,7,5,1,0,9,13,52,48,2.82,50,77,53,37,19,29,76,8.58,3.47,2.38,3.27,3.29,1.42,2.25,4.35,8.75,1.95,1.74,Liberty Stadium (Swansea)
1520089200,Mar 3 2018 - 3:00pm,complete,68311,Tottenham Hotspur,Huddersfield Town,2.26,0.74,2,0,2,1,1,0,"27,54","",8,1,1,0,1,0,10,4,7,4,3,0,6,8,71,29,2.66,37,79,37,24,16,24,53,10.85,3.11,1.19,7.25,9.99,1.18,1.57,2.4,4.25,2.4,1.49,Wembley Stadium (London)
1520089200,Mar 3 2018 - 3:00pm,complete,20022,Watford,West Bromwich Albion,1.42,0.68,1,0,1,0,0,0,"77","",4,6,2,0,0,0,11,11,6,6,5,5,11,11,52,48,2.50,50,66,48,24,13,26,64,9.00,4.48,2.2,3.27,3.72,1.38,2.15,4.05,8,1.95,1.77,Vicarage Road Stadium (Watford)
1520098200,Mar 3 2018 - 5:30pm,complete,53287,Liverpool,Newcastle United,2.26,0.84,2,0,2,1,1,0,"40,55","",8,3,0,0,0,0,6,5,2,3,4,2,8,9,70,30,2.71,45,69,53,37,16,29,66,11.47,2.48,1.25,6.6,9.99,1.12,1.41,2,3.3,1.87,1.8,Anfield (Liverpool)
1520170200,Mar 4 2018 - 1:30pm,complete,30620,Brighton & Hove Albion,Arsenal,1.53,0.84,2,1,3,3,2,1,"7,26","43",6,11,3,0,3,0,11,11,5,8,6,3,12,12,37,63,2.63,61,71,50,35,11,32,58,9.63,3.84,5.46,4.11,1.66,1.25,1.8,2.95,5.6,1.69,2,The American Express Community Stadium (Falmer- East Sussex)
1520179200,Mar 4 2018 - 4:00pm,complete,54328,Manchester City,Chelsea,2.63,1.74,1,0,1,0,0,0,"46","",5,2,2,0,1,0,10,4,3,0,7,4,8,8,73,27,3.40,56,82,76,50,24,35,79,11.58,2.73,1.61,4.22,5.82,1.21,1.67,2.7,4.85,1.71,2,Etihad Stadium (Manchester)
1520280000,Mar 5 2018 - 8:00pm,complete,25840,Crystal Palace,Manchester United,1.37,1.79,2,3,5,1,1,0,"11,48","55,76,90'1",3,7,1,0,3,0,9,11,4,6,5,5,10,8,36,64,2.77,50,71,55,37,19,40,71,10.85,4.00,6.14,4,1.62,1.3,1.95,3.35,6.55,2.05,1.69,Selhurst Park (London)
1520685000,Mar 10 2018 - 12:30pm,complete,74855,Manchester United,Liverpool,2.47,1.68,2,1,3,2,2,0,"14,24","66",1,13,2,0,1,0,2,9,0,4,2,5,10,16,38,62,3.00,45,76,64,37,21,50,79,11.21,3.00,2.45,3.42,3.03,1.29,1.91,3.3,6.4,1.65,2.1,Old Trafford (Manchester)
1520694000,Mar 10 2018 - 3:00pm,complete,39199,Everton,Brighton & Hove Albion,1.79,0.58,2,0,2,0,0,0,"60,76","",10,3,0,0,1,1,12,10,4,5,8,5,10,13,58,42,2.34,37,74,37,24,8,29,55,8.10,2.58,2.03,3.27,4.34,1.42,2.25,4.35,8.75,1.95,1.74,Goodison Park (Liverpool)
1520694000,Mar 10 2018 - 3:00pm,complete,23567,Huddersfield Town,Swansea City,1.21,0.63,0,0,0,0,0,0,"","",12,0,2,0,3,1,20,0,5,0,15,0,9,8,75,25,2.21,40,66,37,21,14,32,66,8.26,3.11,2.51,3.09,3.24,1.5,2.5,5,10.5,2.1,1.65,The John Smith's Stadium (Huddersfield- West Yorkshire)
1520694000,Mar 10 2018 - 3:00pm,complete,52246,Newcastle United,Southampton,1.47,0.89,3,0,3,2,2,0,"2,29,57","",2,6,0,0,2,0,5,7,3,3,2,4,9,9,41,59,2.24,43,63,42,13,11,32,61,9.74,3.42,2.58,3.18,3.05,1.41,2.25,4.25,8.5,1.95,1.77,St. James' Park (Newcastle upon Tyne)
1520694000,Mar 10 2018 - 3:00pm,complete,23558,West Bromwich Albion,Leicester City,0.95,1.05,1,4,5,2,1,1,"8","21,62,76,90'3",7,6,1,0,3,0,4,9,0,5,4,4,6,7,42,58,3.13,69,82,61,40,27,48,66,10.11,3.73,2.95,3.16,2.67,1.38,2.15,4.05,8,1.91,1.8,The Hawthorns (West Bromwich)
1520694000,Mar 10 2018 - 3:00pm,complete,56904,West Ham United,Burnley,1.42,1.47,0,3,3,0,0,0,"","66,70,81",5,1,2,0,2,0,12,2,6,0,6,2,14,6,58,42,2.42,50,71,45,21,16,32,61,8.73,3.84,2.28,3.07,3.77,1.45,2.4,4.6,9.5,2.05,1.69,London Stadium (London)
1520703000,Mar 10 2018 - 5:30pm,complete,40800,Chelsea,Crystal Palace,1.95,0.95,2,1,3,2,2,0,"25,32","90",12,3,1,0,2,0,20,6,12,4,8,2,8,9,60,40,2.37,40,63,45,26,14,32,56,13.32,3.11,1.29,5.83,9.99,1.2,1.67,2.65,4.75,2.05,1.67,Stamford Bridge (London)
1520775000,Mar 11 2018 - 1:30pm,complete,59131,Arsenal,Watford,2.47,0.74,3,0,3,1,1,0,"8,59,77","",4,9,2,0,1,0,7,9,5,4,2,5,11,9,50,50,3.26,40,85,63,40,29,37,79,11.53,2.79,1.32,5.98,9.46,1.16,1.53,2.35,4.1,1.65,2.1,Emirates Stadium (London)
1520784000,Mar 11 2018 - 4:00pm,complete,10623,AFC Bournemouth,Tottenham Hotspur,1.37,1.79,1,4,5,2,1,1,"7","35,62,87,90'1",4,5,1,0,1,0,9,10,3,6,6,4,9,8,34,66,2.90,58,84,61,32,14,40,66,11.47,3.48,5.47,4.48,1.6,1.16,1.53,2.3,4,1.74,1.95,Vitality Stadium (Bournemouth- Dorset)
1520884800,Mar 12 2018 - 8:00pm,complete,29138,Stoke City,Manchester City,1.05,2.63,0,2,2,1,0,1,"","10,50",3,10,1,0,0,0,4,11,3,4,1,7,7,8,28,72,2.84,53,82,61,29,11,43,74,11.89,3.52,9.99,6.6,1.27,1.14,1.49,2.2,3.8,2,1.71,Bet365 Stadium (Stoke-on-Trent- Staffordshire)
1521298800,Mar 17 2018 - 3:00pm,complete,10242,AFC Bournemouth,West Bromwich Albion,1.37,0.68,2,1,3,0,0,0,"77,89","49",3,2,1,0,2,0,10,9,5,6,5,3,6,9,53,47,2.45,50,71,50,22,6,19,58,10.00,3.85,2.08,3.42,3.9,1.3,1.95,3.35,6.55,1.83,1.87,Vitality Stadium (Bournemouth- Dorset)
1521298800,Mar 17 2018 - 3:00pm,complete,23980,Huddersfield Town,Crystal Palace,1.21,0.95,0,2,2,1,0,1,"","23,68",4,7,3,0,2,0,6,9,3,4,3,5,10,12,55,45,2.24,40,63,42,24,11,32,61,10.90,3.32,2.76,3.13,2.86,1.4,2.2,4.2,8.5,1.95,1.77,The John Smith's Stadium (Huddersfield- West Yorkshire)
1521298800,Mar 17 2018 - 3:00pm,complete,30022,Stoke City,Everton,1.05,0.79,1,2,3,0,0,0,"77","69,84",1,9,1,1,1,0,7,10,5,6,2,4,12,12,44,56,2.69,58,84,55,27,6,29,74,7.84,3.10,2.39,3.2,3.32,1.39,2.2,4.1,8.25,1.91,1.8,Bet365 Stadium (Stoke-on-Trent- Staffordshire)
1521307800,Mar 17 2018 - 5:30pm,complete,53287,Liverpool,Watford,2.26,0.74,5,0,5,2,2,0,"4,43,49,77,85","",6,0,1,0,0,0,5,4,4,3,1,1,5,4,55,45,2.76,35,77,53,32,19,29,71,11.63,2.32,1.2,7.72,9.99,1.11,1.37,1.95,3.1,2.05,1.69,Anfield (Liverpool)
1522495800,Mar 31 2018 - 11:30am,complete,25807,Crystal Palace,Liverpool,1.37,1.68,1,2,3,1,1,0,"13","49,84",4,6,2,0,2,0,6,11,3,4,3,7,5,7,35,65,3.24,58,82,69,42,29,48,84,10.58,3.52,7.8,4.95,1.43,1.17,1.56,2.4,4.25,1.71,2,Selhurst Park (London)
1522504800,Mar 31 2018 - 2:00pm,complete,56882,West Ham United,Southampton,1.42,0.89,3,0,3,3,3,0,"13,17,45'4","",5,9,0,0,3,0,8,5,2,0,6,5,9,16,49,51,2.55,53,74,47,24,19,40,63,10.26,3.84,2.74,3.21,2.83,1.22,1.74,2.85,5.2,1.71,2.1,London Stadium (London)
1522504800,Mar 31 2018 - 2:00pm,complete,30629,Brighton & Hove Albion,Leicester City,1.53,1.05,0,2,2,0,0,0,"","83,90'6",6,1,2,0,5,1,10,5,3,4,7,1,11,12,50,50,3.11,66,82,55,40,24,50,64,9.53,3.94,9.99,6.07,1.28,1.34,2.05,3.7,7.25,1.8,1.91,The American Express Community Stadium (Falmer- East Sussex)
1522504800,Mar 31 2018 - 2:00pm,complete,75038,Manchester United,Swansea City,2.47,0.63,2,0,2,2,2,0,"5,20","",3,3,0,0,0,0,8,3,4,3,4,0,5,13,60,40,2.37,37,68,45,24,11,34,66,9.05,3.06,1.21,6.72,9.99,1.23,1.74,2.85,5.3,2.55,1.44,Old Trafford (Manchester)
1522504800,Mar 31 2018 - 2:00pm,complete,52261,Newcastle United,Huddersfield Town,1.47,0.74,1,0,1,0,0,0,"80","",3,3,1,0,4,0,13,8,5,6,8,2,9,9,61,39,2.19,29,71,37,11,8,24,50,7.69,3.42,1.84,3.5,4.98,1.4,2.2,4.2,8.5,2.05,1.67,St. James' Park (Newcastle upon Tyne)
1522504800,Mar 31 2018 - 2:00pm,complete,20393,Watford,AFC Bournemouth,1.42,0.95,2,2,4,2,1,1,"13,49","43,90'2",7,4,4,0,0,0,9,11,6,8,3,3,15,6,50,50,2.84,58,74,63,32,16,42,71,10.47,3.63,2.3,3.46,3.26,1.25,1.77,2.95,5.6,1.65,2.1,Vicarage Road Stadium (Watford)
1522504800,Mar 31 2018 - 2:00pm,complete,23455,West Bromwich Albion,Burnley,0.95,1.47,1,2,3,1,0,1,"83","22,73",1,6,1,0,3,0,6,8,3,2,3,6,13,9,48,52,2.42,55,69,48,27,14,27,58,9.16,3.84,2.78,3.07,2.9,1.49,2.5,4.9,10.25,2.1,1.67,The Hawthorns (West Bromwich)
1522513800,Mar 31 2018 - 4:30pm,complete,39221,Everton,Manchester City,1.79,2.63,1,3,4,3,0,3,"63","4,12,37",2,11,0,0,0,0,6,11,2,2,4,9,9,8,24,76,2.84,47,77,53,35,16,43,63,11.94,3.42,9.99,6.07,1.28,1.21,1.67,2.7,4.9,2.05,1.69,Goodison Park (Liverpool)
1522585800,Apr 1 2018 - 12:30pm,complete,59371,Arsenal,Stoke City,2.47,0.68,3,0,3,0,0,0,"75,86,89","",6,5,1,0,2,0,20,6,11,3,9,3,9,11,61,39,3.34,53,85,66,37,29,37,74,9.90,3.10,1.37,5.39,8.62,1.12,1.42,2.05,3.4,1.77,1.95,Emirates Stadium (London)
1522594800,Apr 1 2018 - 3:00pm,complete,41364,Chelsea,Tottenham Hotspur,1.95,1.79,1,3,4,2,1,1,"30","45'1,62,66",5,5,0,0,1,0,14,6,7,3,7,3,4,11,50,50,2.63,45,74,48,29,16,42,63,13.21,3.11,2.36,3.4,3.2,1.27,1.83,3.15,6,1.69,2.05,Stamford Bridge (London)
1523100600,Apr 7 2018 - 11:30am,complete,39220,Everton,Liverpool,1.79,1.68,0,0,0,0,0,0,"","",3,2,0,0,0,0,5,8,2,4,3,4,12,7,43,57,3.08,53,79,61,40,24,45,68,9.31,3.05,6.34,4.56,1.53,1.26,1.83,3.1,5.9,1.71,2,Goodison Park (Liverpool)
1523109600,Apr 7 2018 - 2:00pm,complete,10730,AFC Bournemouth,Crystal Palace,1.37,0.95,2,2,4,0,0,0,"65,89","47,75",11,3,2,0,2,0,17,7,7,4,10,3,8,9,54,46,2.64,53,74,58,29,11,29,58,11.58,3.48,2.36,3.37,3.23,1.23,1.74,2.85,5.3,1.61,2.15,Vitality Stadium (Bournemouth- Dorset)
1523109600,Apr 7 2018 - 2:00pm,complete,23297,West Bromwich Albion,Swansea City,0.95,0.63,1,1,2,0,0,0,"54","75",5,1,3,0,2,0,6,5,3,0,3,5,15,5,59,41,2.45,53,71,45,29,16,29,61,8.21,3.37,2.4,3.12,3.41,1.44,2.35,4.55,9.25,2,1.69,The Hawthorns (West Bromwich)
1523109600,Apr 7 2018 - 2:00pm,complete,30501,Brighton & Hove Albion,Huddersfield Town,1.53,0.74,1,1,2,2,1,1,"29","32",5,3,1,1,0,0,9,10,5,5,4,5,13,7,42,58,2.48,42,79,40,27,11,29,48,8.06,4.05,2,3.25,4.5,1.44,2.35,4.55,9.5,2.15,1.61,The American Express Community Stadium (Falmer- East Sussex)
1523109600,Apr 7 2018 - 2:00pm,complete,20044,Watford,Burnley,1.42,1.47,1,2,3,0,0,0,"61","70,73",11,1,2,0,2,0,12,3,6,2,6,1,18,12,59,41,2.63,55,69,53,27,19,34,66,8.89,4.37,2.3,3.14,3.62,1.44,2.35,4.55,9.25,2,1.71,Vicarage Road Stadium (Watford)
1523109600,Apr 7 2018 - 2:00pm,complete,32066,Leicester City,Newcastle United,1.42,0.84,1,2,3,1,0,1,"83","18,75",7,5,1,0,3,0,5,5,0,3,5,2,6,14,70,30,2.50,53,74,45,27,8,26,74,10.31,2.90,1.58,4.21,6.19,1.33,2,3.65,7,1.87,1.83,King Power Stadium (Leicester- Leicestershire)
1523109600,Apr 7 2018 - 2:00pm,complete,29515,Stoke City,Tottenham Hotspur,1.05,1.79,1,2,3,0,0,0,"57","52,63",6,3,4,0,3,0,6,6,3,2,3,4,19,8,42,58,2.74,56,84,58,27,8,40,68,9.63,3.42,8.02,5.15,1.41,1.19,1.61,2.5,4.5,2,1.71,Bet365 Stadium (Stoke-on-Trent- Staffordshire)
1523118600,Apr 7 2018 - 4:30pm,complete,54259,Manchester City,Manchester United,2.63,1.79,2,3,5,2,2,0,"25,30","53,55,69",8,4,6,0,3,0,11,2,5,0,6,2,18,8,65,35,3.27,50,76,66,50,27,40,74,12.58,3.42,1.58,4.21,6.19,1.27,1.83,3.15,6,1.74,1.95,Etihad Stadium (Manchester)
1523193300,Apr 8 2018 - 1:15pm,complete,59374,Arsenal,Southampton,2.47,0.89,3,2,5,3,2,1,"28,38,81","17,73",8,6,2,1,1,1,9,10,6,8,3,2,11,7,54,46,3.18,50,82,63,37,29,42,74,12.32,3.42,1.57,4.35,6.08,1.2,1.62,2.6,4.65,1.69,2.05,Emirates Stadium (London)
1523201400,Apr 8 2018 - 3:30pm,complete,41324,Chelsea,West Ham United,1.95,0.79,1,1,2,1,1,0,"36","73",10,6,0,0,1,0,17,5,6,3,11,2,7,11,57,43,2.95,50,79,55,40,24,37,71,11.37,3.58,1.27,6.02,9.99,1.17,1.56,2.4,4.25,1.91,1.8,Stamford Bridge (London)
1523705400,Apr 14 2018 - 11:30am,complete,31764,Southampton,Chelsea,1.00,1.74,2,3,5,1,1,0,"21,60","70,75,78",4,7,5,0,3,0,8,8,6,5,2,3,12,12,46,54,2.63,56,71,53,32,16,32,74,10.90,2.79,4.78,3.79,1.79,1.3,1.95,3.35,6.55,1.83,1.87,St. Mary's Stadium (Southampton- Hampshire)
1523714400,Apr 14 2018 - 2:00pm,complete,20933,Swansea City,Everton,1.11,0.79,1,1,2,1,0,1,"71","43",6,3,1,0,1,0,13,10,8,5,5,5,10,11,53,47,2.45,48,71,42,27,8,24,74,8.63,2.68,2.62,3.2,2.98,1.43,2.3,4.4,9,1.95,1.74,Liberty Stadium (Swansea)
1523714400,Apr 14 2018 - 2:00pm,complete,23961,Huddersfield Town,Watford,1.21,0.74,1,0,1,0,0,0,"90'1","",9,6,2,0,2,0,5,2,0,2,5,0,9,8,48,52,2.40,35,69,42,24,14,32,71,9.95,2.95,2.75,3.22,2.81,1.39,2.2,4.15,8.25,1.87,1.83,The John Smith's Stadium (Huddersfield- West Yorkshire)
1523714400,Apr 14 2018 - 2:00pm,complete,24656,Crystal Palace,Brighton & Hove Albion,1.37,0.58,3,2,5,5,3,2,"5,14,24","18,34",5,6,3,0,2,0,9,9,5,4,4,5,11,14,51,49,2.50,42,77,45,27,13,32,71,9.37,3.05,2.03,3.3,4.27,1.41,2.25,4.25,8.5,2.05,1.69,Selhurst Park (London)
1523714400,Apr 14 2018 - 2:00pm,complete,21727,Burnley,Leicester City,1.37,1.05,2,1,3,2,2,0,"6,9","72",4,8,2,0,1,0,4,8,2,5,2,3,9,10,38,62,2.69,58,71,50,21,19,37,64,9.74,3.31,2.79,3.15,2.82,1.44,2.35,4.55,9.5,2,1.71,Turf Moor (Burnley)
1523723400,Apr 14 2018 - 4:30pm,complete,52959,Liverpool,AFC Bournemouth,2.26,0.95,3,0,3,1,1,0,"7,69,90","",7,5,1,0,1,0,16,6,5,2,11,4,7,9,57,43,2.76,45,77,61,32,13,35,68,12.47,2.21,1.17,8.35,9.99,1.1,1.36,1.91,3.05,1.8,1.87,Anfield (Liverpool)
1523731500,Apr 14 2018 - 6:45pm,complete,80811,Tottenham Hotspur,Manchester City,2.26,2.63,1,3,4,3,1,2,"42","22,25,72",5,7,3,0,4,0,7,12,4,6,3,6,10,12,43,57,3.00,47,77,48,35,21,40,71,15.21,2.95,2.88,3.63,2.45,1.18,1.59,2.45,4.4,1.51,2.35,Wembley Stadium (London)
1523795400,Apr 15 2018 - 12:30pm,complete,52210,Newcastle United,Arsenal,1.47,0.84,2,1,3,2,1,1,"29,68","14",2,5,1,0,0,0,7,12,5,5,2,7,11,8,40,60,2.34,48,63,48,19,8,26,61,9.26,3.21,3.88,3.77,1.97,1.24,1.74,2.9,5.4,1.62,2.1,St. James' Park (Newcastle upon Tyne)
1523804400,Apr 15 2018 - 3:00pm,complete,75095,Manchester United,West Bromwich Albion,2.47,0.68,0,1,1,0,0,0,"","73",4,4,1,0,1,0,10,7,5,4,5,3,8,13,67,33,2.21,35,63,43,19,3,24,61,10.11,3.64,1.18,7.38,9.99,1.19,1.61,2.5,4.45,2.45,1.49,Old Trafford (Manchester)
1523905200,Apr 16 2018 - 7:00pm,complete,56795,West Ham United,Stoke City,1.42,0.68,1,1,2,0,0,0,"90","79",10,1,2,0,3,0,12,8,7,6,5,2,15,21,58,42,2.71,56,77,50,24,19,34,63,7.84,3.52,2.08,3.44,4.02,1.34,2.05,3.7,7.25,1.87,1.8,London Stadium (London)
1523990700,Apr 17 2018 - 6:45pm,complete,30440,Brighton & Hove Albion,Tottenham Hotspur,1.53,1.79,1,1,2,0,0,0,"50","48",3,4,1,0,0,0,7,11,5,6,2,5,6,4,37,63,2.71,56,79,48,35,14,42,61,10.16,3.79,8.57,4.99,1.4,1.23,1.71,2.8,5.2,1.8,1.91,The American Express Community Stadium (Falmer- East Sussex)
1524077100,Apr 18 2018 - 6:45pm,complete,10952,AFC Bournemouth,Manchester United,1.37,1.79,0,2,2,1,0,1,"","28,70",8,5,3,0,1,0,12,4,4,3,8,1,8,8,49,51,2.77,53,74,58,35,14,37,63,11.37,3.69,6.06,4.26,1.58,1.21,1.69,2.7,4.95,1.65,2.1,Vitality Stadium (Bournemouth- Dorset)
1524163500,Apr 19 2018 - 6:45pm,complete,31160,Leicester City,Southampton,1.42,0.89,0,0,0,0,0,0,"","",11,3,0,0,0,0,6,8,4,5,2,3,10,10,56,44,2.47,53,79,45,19,11,32,74,11.26,3.37,2.2,3.39,3.57,1.27,1.83,3.15,6,1.69,2.05,King Power Stadium (Leicester- Leicestershire)
1524163500,Apr 19 2018 - 6:45pm,complete,21264,Burnley,Chelsea,1.37,1.74,1,2,3,1,0,1,"64","20,69",3,2,1,0,0,0,3,11,2,5,1,6,9,10,50,50,2.29,48,64,50,19,6,22,64,9.27,2.68,5.36,3.83,1.72,1.36,2.1,3.9,7.75,1.95,1.74,Turf Moor (Burnley)
1524310200,Apr 21 2018 - 11:30am,complete,24520,West Bromwich Albion,Liverpool,0.95,1.68,2,2,4,1,0,1,"79,88","4,72",7,4,0,0,1,0,7,6,3,3,4,3,12,5,44,56,3.08,61,79,64,42,27,45,74,10.37,3.31,8.52,5.17,1.39,1.28,1.87,3.2,6.2,1.91,1.77,The Hawthorns (West Bromwich)
1524319200,Apr 21 2018 - 2:00pm,complete,20401,Watford,Crystal Palace,1.42,0.95,0,0,0,0,0,0,"","",4,3,3,0,5,0,12,3,7,2,5,1,17,13,54,46,2.69,53,69,55,32,19,37,64,10.58,4.11,2.63,3.27,2.91,1.32,2,3.55,6.95,1.77,1.91,Vicarage Road Stadium (Watford)
1524400200,Apr 22 2018 - 12:30pm,complete,59422,Arsenal,West Ham United,2.47,0.79,4,1,5,0,0,0,"51,82,85,89","64",8,6,3,0,2,0,13,8,5,4,8,4,10,9,60,40,3.68,55,95,74,53,37,42,84,10.53,3.63,1.39,5.24,8.21,1.16,1.51,2.3,3.95,1.67,2.05,Emirates Stadium (London)
1524400200,Apr 22 2018 - 12:30pm,complete,29532,Stoke City,Burnley,1.05,1.47,1,1,2,1,1,0,"11","62",3,8,2,0,1,0,7,10,3,4,4,6,15,5,42,58,2.42,53,74,53,19,6,27,63,8.05,3.68,2.59,3.16,3.05,1.4,2.25,4.2,8.5,1.95,1.77,Bet365 Stadium (Stoke-on-Trent- Staffordshire)
1524411000,Apr 22 2018 - 3:30pm,complete,54387,Manchester City,Swansea City,2.63,0.63,5,0,5,2,2,0,"12,16,54,64,88","",5,1,0,0,1,0,11,4,7,2,4,2,6,7,74,26,3.11,50,79,61,42,27,32,74,10.15,3.00,1.21,7.34,9.99,1.09,1.33,1.83,2.85,2.1,1.65,Etihad Stadium (Manchester)
1524510000,Apr 23 2018 - 7:00pm,complete,39061,Everton,Newcastle United,1.79,0.84,1,0,1,0,0,0,"51","",4,6,2,0,1,0,5,8,0,3,5,5,11,11,55,45,2.58,50,66,47,35,11,29,55,8.68,3.11,2.12,3.31,3.9,1.35,2.1,3.8,7.5,1.87,1.83,Goodison Park (Liverpool)
1524915000,Apr 28 2018 - 11:30am,complete,53255,Liverpool,Stoke City,2.26,0.68,0,0,0,0,0,0,"","",9,2,1,0,2,0,11,3,4,0,7,3,7,16,66,34,2.84,48,77,56,29,19,29,66,10.00,2.63,1.23,7.08,9.99,1.16,1.51,2.3,3.95,1.95,1.74,Anfield (Liverpool)
1524924000,Apr 28 2018 - 2:00pm,complete,19459,Burnley,Brighton & Hove Albion,1.37,0.58,0,0,0,0,0,0,"","",3,4,0,0,2,0,5,8,3,4,2,4,5,16,47,53,1.90,34,64,29,8,3,19,58,8.79,2.42,2.3,3.18,3.55,1.48,2.45,4.8,10,2.05,1.67,Turf Moor (Burnley)
1524924000,Apr 28 2018 - 2:00pm,complete,31778,Southampton,AFC Bournemouth,1.00,0.95,2,1,3,2,1,1,"25,54","45'1",5,8,5,0,1,0,8,13,6,9,2,4,12,11,42,58,2.53,56,71,50,26,13,35,71,12.00,2.79,1.79,3.81,4.76,1.2,1.62,2.6,4.65,1.65,2.1,St. Mary's Stadium (Southampton- Hampshire)
1524924000,Apr 28 2018 - 2:00pm,complete,25750,Crystal Palace,Leicester City,1.37,1.05,5,0,5,2,2,0,"17,38,81,84,90","",8,2,1,0,1,1,9,7,4,5,5,2,12,9,51,49,3.29,66,84,66,40,29,50,77,10.32,3.94,2.08,3.52,3.76,1.27,1.83,3.15,6,1.71,2,Selhurst Park (London)
1524924000,Apr 28 2018 - 2:00pm,complete,24121,Huddersfield Town,Everton,1.21,0.79,0,2,2,1,0,1,"","39,77",4,3,1,0,0,0,7,5,4,4,3,1,9,8,57,43,2.45,48,74,42,27,11,32,74,9.00,3.00,2.78,3.04,2.93,1.5,2.5,5,10.5,2.1,1.65,The John Smith's Stadium (Huddersfield- West Yorkshire)
1524924000,Apr 28 2018 - 2:00pm,complete,52283,Newcastle United,West Bromwich Albion,1.47,0.68,0,1,1,1,0,1,"","29",5,1,1,0,3,0,13,10,5,4,8,6,8,11,63,37,1.98,35,58,35,8,3,16,56,8.32,3.53,1.78,3.64,5.18,1.41,2.25,4.25,8.5,2,1.69,St. James' Park (Newcastle upon Tyne)
1524933000,Apr 28 2018 - 4:30pm,complete,20900,Swansea City,Chelsea,1.11,1.74,0,1,1,1,0,1,"","4",1,2,1,0,1,0,9,8,4,2,5,6,11,10,48,52,2.50,45,66,53,29,8,27,71,9.32,2.52,6.03,3.95,1.64,1.27,1.83,3.15,6,2.05,1.67,Liberty Stadium (Swansea)
1525007700,Apr 29 2018 - 1:15pm,complete,56904,West Ham United,Manchester City,1.42,2.63,1,4,5,3,1,2,"42","13,27,53,64",0,7,0,0,1,0,3,13,0,6,3,7,5,11,25,75,2.84,50,79,53,32,21,48,71,12.57,3.68,6.46,4.77,1.5,1.14,1.48,2.2,3.7,1.8,1.91,London Stadium (London)
1525015800,Apr 29 2018 - 3:30pm,complete,75035,Manchester United,Arsenal,2.47,0.84,2,1,3,1,1,0,"16,90'1","51",9,0,0,0,1,0,4,7,0,4,4,3,12,7,61,39,2.58,48,68,56,29,8,34,66,11.05,3.32,1.57,4.21,6.47,1.16,1.53,2.3,4,1.74,1.95,Old Trafford (Manchester)
1525114800,Apr 30 2018 - 7:00pm,complete,52675,Tottenham Hotspur,Watford,2.26,0.74,2,0,2,1,1,0,"16,48","",4,0,1,0,0,0,8,9,2,5,6,4,10,10,60,40,2.79,40,74,42,29,19,26,69,12.11,2.48,1.18,7.81,9.99,1.11,1.38,2,3.2,2.05,1.67,Wembley Stadium (London)
1525460400,May 4 2018 - 7:00pm,complete,30611,Brighton & Hove Albion,Manchester United,1.53,1.79,1,0,1,0,0,0,"57","",5,6,2,0,0,0,9,12,4,4,5,8,5,3,37,63,2.58,50,69,45,37,14,40,58,10.06,4.00,5.93,4.08,1.65,1.32,2,3.55,6.95,1.83,1.87,The American Express Community Stadium (Falmer- East Sussex)
1525519800,May 5 2018 - 11:30am,complete,29687,Stoke City,Crystal Palace,1.05,0.95,1,2,3,1,1,0,"43","68,86",1,7,5,0,2,0,3,8,0,0,3,8,18,11,42,58,2.48,50,74,55,24,6,29,61,9.74,3.42,2.63,3.43,2.87,1.27,1.87,3.2,6.1,1.69,2.05,Bet365 Stadium (Stoke-on-Trent- Staffordshire)
1525528800,May 5 2018 - 2:00pm,complete,10820,AFC Bournemouth,Swansea City,1.37,0.63,1,0,1,1,1,0,"37","",11,6,1,0,4,0,12,9,4,4,8,5,11,10,48,52,2.61,53,76,53,27,14,29,63,8.94,3.27,2.24,3.5,3.46,1.31,1.95,3.45,6.7,1.77,1.95,Vitality Stadium (Bournemouth- Dorset)
1525528800,May 5 2018 - 2:00pm,complete,32013,Leicester City,West Ham United,1.42,0.79,0,2,2,1,0,1,"","34,64",8,3,1,0,2,0,11,7,5,3,6,4,7,9,53,47,2.97,58,92,55,35,19,32,84,9.47,3.58,2.25,3.57,3.38,1.27,1.83,3.15,6,1.69,2.05,King Power Stadium (Leicester- Leicestershire)
1525528800,May 5 2018 - 2:00pm,complete,23685,West Bromwich Albion,Tottenham Hotspur,0.95,1.79,1,0,1,0,0,0,"90'2","",5,9,4,0,1,0,5,11,2,6,3,5,13,12,27,73,2.74,58,79,53,35,16,40,63,10.74,3.58,8.92,4.95,1.42,1.22,1.69,2.75,5.05,1.83,1.87,The Hawthorns (West Bromwich)
1525528800,May 5 2018 - 2:00pm,complete,20375,Watford,Newcastle United,1.42,0.84,2,1,3,2,2,0,"2,28","55",2,5,2,0,1,0,9,9,6,4,3,5,9,10,42,58,2.79,58,66,55,37,19,37,69,9.47,3.90,2.49,3.38,3.1,1.35,2.1,3.8,7.5,1.87,1.83,Vicarage Road Stadium (Watford)
1525537800,May 5 2018 - 4:30pm,complete,38225,Everton,Southampton,1.79,0.89,1,1,2,0,0,0,"90'6","56",3,4,2,0,5,1,7,7,2,5,5,2,14,12,56,44,2.55,50,71,47,27,14,35,55,9.63,3.58,2.98,3.35,2.59,1.37,2.15,3.95,7.75,1.87,1.83,Goodison Park (Liverpool)
1525609800,May 6 2018 - 12:30pm,complete,N/A,Manchester City,Huddersfield Town,2.63,0.74,0,0,0,0,0,0,"","",10,1,0,0,3,0,14,6,4,4,10,2,9,4,74,26,3.16,42,87,61,40,24,29,63,10.58,3.47,1.09,9.99,9.99,1.07,1.27,1.69,2.55,2.6,1.43,Etihad Stadium (Manchester)
1525620600,May 6 2018 - 3:30pm,complete,59540,Arsenal,Burnley,2.47,1.47,5,0,5,2,2,0,"14,45'3,54,64,75","",4,5,0,0,1,0,8,5,4,3,4,2,5,7,56,44,3.05,47,79,61,35,27,34,71,10.79,3.42,1.58,4.26,6.53,1.19,1.61,2.5,4.45,1.77,1.95,Emirates Stadium (London)
1525620600,May 6 2018 - 3:30pm,complete,41314,Chelsea,Liverpool,1.95,1.68,1,0,1,1,1,0,"32","",3,1,3,0,2,0,9,11,4,6,5,5,11,8,33,67,2.98,48,74,58,37,27,48,74,12.84,2.84,2.14,3.66,3.57,1.2,1.67,2.65,4.8,1.57,2.25,Stamford Bridge (London)
1525805100,May 8 2018 - 6:45pm,complete,20858,Swansea City,Southampton,1.11,0.89,0,1,1,0,0,0,"","72",7,6,2,0,1,0,10,12,4,8,6,4,8,15,58,42,2.32,45,63,42,21,11,29,66,10.37,3.26,3.13,3.33,2.49,1.42,2.25,4.35,8.75,1.95,1.77,Liberty Stadium (Swansea)
1525891500,May 9 2018 - 6:45pm,complete,32095,Leicester City,Arsenal,1.42,0.84,3,1,4,1,1,0,"14,76,90","53",6,6,2,0,2,1,14,9,8,5,6,4,6,11,55,45,2.58,58,79,50,24,8,26,74,10.78,3.16,3.77,3.81,2.03,1.14,1.47,2.15,3.65,1.45,2.55,King Power Stadium (Leicester- Leicestershire)
1525891500,May 9 2018 - 6:45pm,complete,38910,Chelsea,Huddersfield Town,1.95,0.74,1,1,2,0,0,0,"62","50",9,0,0,0,1,0,17,3,9,2,8,1,7,10,78,22,2.40,32,74,40,21,14,29,50,11.11,3.37,1.24,6.75,9.99,1.25,1.8,3,5.65,2.4,1.49,Stamford Bridge (London)
1525892400,May 9 2018 - 7:00pm,complete,54013,Manchester City,Brighton & Hove Albion,2.63,0.58,3,1,4,3,2,1,"16,34,72","20",4,3,0,0,1,0,14,6,5,3,9,3,4,7,69,31,3.00,42,82,55,40,21,32,74,11.10,2.47,1.13,9.99,9.99,1.12,1.41,2,3.3,2.05,1.69,Etihad Stadium (Manchester)
1525892400,May 9 2018 - 7:00pm,complete,54923,Tottenham Hotspur,Newcastle United,2.26,0.84,1,0,1,0,0,0,"50","",6,4,2,0,3,0,11,12,8,5,3,7,10,8,61,39,2.74,50,66,42,35,16,26,63,11.95,2.64,1.19,8.21,9.99,1.14,1.48,2.2,3.7,2.05,1.69,Wembley Stadium (London)
1525977900,May 10 2018 - 6:45pm,complete,56902,West Ham United,Manchester United,1.42,1.79,0,0,0,0,0,0,"","",1,4,1,0,1,0,6,7,3,5,3,2,9,7,37,63,2.61,48,71,47,32,19,42,63,10.21,3.79,5,3.95,1.76,1.28,1.87,3.2,6.2,1.8,1.91,London Stadium (London)
1526220000,May 13 2018 - 2:00pm,complete,77841,Tottenham Hotspur,Leicester City,2.26,1.05,5,4,9,3,1,2,"7,49,53,60,76","4,16,47,73",4,4,1,0,2,0,8,13,3,6,5,7,9,13,64,36,3.29,61,82,53,37,29,45,69,12.32,3.00,1.32,5.94,9.99,1.09,1.32,1.8,2.8,1.47,2.5,Wembley Stadium (London)
1526220000,May 13 2018 - 2:00pm,complete,20673,Swansea City,Stoke City,1.11,0.68,1,2,3,3,1,2,"14","31,41",6,0,1,0,2,0,20,5,15,3,5,2,10,11,60,40,2.48,48,66,45,21,11,24,66,7.95,2.94,1.84,3.82,4.55,1.25,1.8,3,5.65,1.69,2.05,Liberty Stadium (Swansea)
1526220000,May 13 2018 - 2:00pm,complete,31882,Southampton,Manchester City,1.00,2.63,0,1,1,0,0,0,"","90'4",1,12,3,0,2,0,8,11,5,5,3,6,9,7,40,60,2.74,53,74,48,32,21,43,77,14.26,3.37,7.89,4.98,1.43,1.17,1.56,2.4,4.2,1.65,2.1,St. Mary's Stadium (Southampton- Hampshire)
1526220000,May 13 2018 - 2:00pm,complete,52294,Newcastle United,Chelsea,1.47,1.74,3,0,3,1,1,0,"23,59,63","",4,2,0,0,1,0,11,7,7,4,4,3,11,9,47,53,2.42,43,66,53,21,8,29,66,8.69,2.68,5.74,4.09,1.65,1.19,1.62,2.55,4.55,1.65,2.1,St. James' Park (Newcastle upon Tyne)
1526220000,May 13 2018 - 2:00pm,complete,75049,Manchester United,Watford,2.47,0.74,1,0,1,1,1,0,"34","",6,5,4,0,0,0,5,6,0,4,5,2,6,10,48,52,2.55,32,71,50,26,11,34,71,10.74,2.90,1.29,6.03,9.99,1.19,1.61,2.5,4.45,1.69,2.05,Old Trafford (Manchester)
1526220000,May 13 2018 - 2:00pm,complete,50752,Liverpool,Brighton & Hove Albion,2.26,0.58,4,0,4,2,2,0,"26,40,53,85","",7,3,0,0,0,0,14,2,7,2,7,0,3,5,67,33,2.47,32,77,42,27,13,29,66,10.89,1.95,1.17,8.32,9.99,1.12,1.42,2.05,3.35,1.8,1.91,Anfield (Liverpool)
1526220000,May 13 2018 - 2:00pm,complete,24122,Huddersfield Town,Arsenal,1.21,0.84,0,1,1,1,0,1,"","38",7,4,1,0,0,0,15,7,6,4,9,3,12,8,50,50,2.42,50,66,48,27,11,32,66,10.26,3.37,5.6,4.41,1.61,1.12,1.42,2.05,3.35,1.5,2.4,The John Smith's Stadium (Huddersfield- West Yorkshire)
1526220000,May 13 2018 - 2:00pm,complete,25357,Crystal Palace,West Bromwich Albion,1.37,0.68,2,0,2,0,0,0,"70,78","",4,2,2,0,3,0,8,6,4,2,4,4,9,11,53,47,2.45,48,69,48,24,11,21,66,9.48,4.16,1.87,3.81,4.38,1.22,1.71,2.8,5.15,1.69,2.05,Selhurst Park (London)
1526220000,May 13 2018 - 2:00pm,complete,20720,Burnley,AFC Bournemouth,1.37,0.95,1,2,3,1,1,0,"39","74,90'3",7,8,0,0,0,0,7,11,4,4,3,7,14,8,55,45,2.19,48,64,48,13,3,24,61,10.37,2.68,2.15,3.59,3.56,1.23,1.74,2.85,5.3,1.61,2.15,Turf Moor (Burnley)
1526220000,May 13 2018 - 2:00pm,complete,56926,West Ham United,Everton,1.42,0.79,3,1,4,1,1,0,"39,63,82","74",6,6,0,0,1,0,10,12,3,7,7,5,10,13,56,44,2.69,56,82,47,29,16,34,71,8.52,3.26,2.42,3.56,3.02,1.24,1.74,2.9,5.4,1.62,2.1,London Stadium (London)
